{
  "bones": {
    "pelvis": [
      -13.830493752182798,
      -39.10781902248217,
      -6.831820493524314
    ],
    "spine_01": [
      -10.006187031164652,
      -6.821726203578197,
      0.5018450202108888
    ],
    "spine_02": [
      6.423236964057057,
      6.604587156620284,
      0.4273756380911632
    ],
    "spine_03": [
      0.9813532946726437,
      -0.017335605891727883,
      -0.0008188949184353638
    ],
    "thigh_l": [
      11.251315172703015,
      6.425203153895295,
      -3.693803590054315
    ],
    "thigh_r": [
      15.768859635660117,
      -5.472574807655737,
      2.3292378117853523
    ],
    "calf_l": [
      11.02987768216995,
      0.5907673430870304,
      -3.67061856491454
    ],
    "calf_r": [
      6.304221878791145,
      -0.06416877646767045,
      2.142555092288808
    ],
    "clavicle_l": [
      1.1857079383388964,
      16.56708249888028,
      18.988012139968664
    ],
    "clavicle_r": [
      3.3872027714550077,
      -5.6752298188529915,
      -24.178455113557025
    ],
    "foot_l": [
      -21.541541176902143,
      3.829378580535737,
      10.668524641838678
    ],
    "foot_r": [
      -21.538854518637617,
      3.440614390775764,
      -7.7789998073688285
    ],
    "neck_01": [
      28.459000320481184,
      23.594969990529048,
      -17.066997258888765
    ],
    "upperarm_l": [
      -23.977535701879965,
      13.634939754202877,
      -37.8683413592096
    ],
    "upperarm_r": [
      -44.282225086652105,
      29.618192482070008,
      0.5077074020889178
    ],
    "head": [
      -18.199525534234457,
      3.2556051213883146,
      19.613983301087654
    ],
    "lowerarm_l": [
      -63.48315833029133,
      -2.7087843134876293,
      -43.41941600857456
    ],
    "lowerarm_r": [
      -79.95692247086545,
      0.5396129903357529,
      64.44115690295712
    ],
    "hand_l": [
      35.761277087271736,
      -9.309423550846217,
      97.78623825956599
    ],
    "hand_r": [
      55.400515813394684,
      36.36456842175385,
      -114.45474713329213
    ],
    "index_01_l": [
      -13.062301200749234,
      10.626771510925415,
      15.411778532787899
    ],
    "index_01_r": [
      33.55699738575381,
      -3.333856464417083,
      20.037412462620495
    ],
    "index_02_l": [
      -9.568689315418949,
      -2.3317078995913088,
      24.300170209945197
    ],
    "index_02_r": [
      13.327864197640526,
      1.1876163983929866,
      11.550777660052223
    ],
    "index_03_l": [
      -2.3748895476231993,
      -6.956836359042394,
      1.7943309462526469
    ],
    "index_03_r": [
      1.0280874565299494,
      -2.8039183552310476,
      0.8120137116854608
    ],
    "middle_01_l": [
      19.008924203774896,
      1.252384473539159,
      16.55352642579311
    ],
    "middle_01_r": [
      16.023875979154155,
      -3.855836701753223,
      25.54096338955228
    ],
    "middle_02_l": [
      4.223797048251694,
      -6.637737928013862,
      17.40205791958628
    ],
    "middle_02_r": [
      32.60718486123807,
      -2.4691726629521518,
      28.764324209253434
    ],
    "middle_03_l": [
      -0.7436490281572303,
      -5.632057367722852,
      1.8307575380879793
    ],
    "middle_03_r": [
      1.186305229951182,
      -6.981773832830863,
      2.401203794440323
    ],
    "pinky_01_l": [
      43.47764841907478,
      14.329511078049636,
      -91.50015968637653
    ],
    "pinky_01_r": [
      -2.6546487538666725,
      -8.01056833072094,
      15.319645124746394
    ],
    "pinky_02_l": [
      68.1509500440209,
      45.41398224973581,
      -29.257987575446876
    ],
    "pinky_02_r": [
      20.245902193377592,
      -7.826534179798191,
      25.79722521018518
    ],
    "pinky_03_l": [
      -4.1563568029738915,
      25.256443171233194,
      -7.2705374018366005
    ],
    "pinky_03_r": [
      -1.7963087501549382,
      -8.826154473086621,
      2.705279160052263
    ],
    "ring_01_l": [
      44.12245463880042,
      10.708948529771899,
      -76.89454864075074
    ],
    "ring_01_r": [
      7.31897517230703,
      -5.257446335290793,
      36.04696170738259
    ],
    "ring_02_l": [
      104.35607394483736,
      36.581081404647776,
      -62.524712591394646
    ],
    "ring_02_r": [
      69.90857674333287,
      -10.916339991010785,
      58.139176987664534
    ],
    "ring_03_l": [
      1.287141621479272,
      11.236527753630991,
      -4.258198866225014
    ],
    "ring_03_r": [
      1.4444556178476047,
      -12.226661592510032,
      4.655011396213803
    ],
    "thumb_01_l": [
      5.793285497446907,
      12.744066191277483,
      -0.2108134310212804
    ],
    "thumb_01_r": [
      8.641319678067115,
      -9.13899657482262,
      4.097186510859617
    ],
    "thumb_02_l": [
      -0.6694002452341092,
      1.4770734013208382,
      -3.4308539761125183
    ],
    "thumb_02_r": [
      4.875415260804819,
      5.3331336786570205,
      13.309736196161516
    ],
    "thumb_03_l": [
      28.375765193217337,
      8.618803990990584,
      6.6052586696464415
    ],
    "thumb_03_r": [
      24.11875573093611,
      -7.121342568564616,
      -5.887965238552478
    ]
  },
  "modelRotation": [
    0,
    0,
    0
  ],
  "camera": {
    "posX": -0.011759299376294175,
    "posY": 2.7475002788126983,
    "posZ": 46.003026843070984,
    "targetX": -0.011759299376294175,
    "targetY": 2.7475002788126957,
    "targetZ": 1.0030268430709839
  },
  "cameraParams": {
    "offset_x": 0.011759299376294177,
    "offset_y": -4.0261407874644295,
    "zoom": 4.17,
    "yaw_deg": 0,
    "pitch_deg": 0
  },
  "ikEffectorPositions": {
    "pelvis": [
      -4.656612873077393e-10,
      -0.7325234413146973,
      0.09424576163291931
    ],
    "hand_l": [
      1.7766768180220016,
      3.2617119084096897,
      2.279961481924283
    ],
    "hand_r": [
      -1.25315953936764,
      4.265803865008722,
      -0.5051720855829986
    ],
    "foot_l": [
      1.2304262349761412,
      -7.46043268030969,
      0.183045372065489
    ],
    "foot_r": [
      -0.005276485008288367,
      -7.534854430377864,
      -1.2003821574351061
    ],
    "head": [
      0.4842045646028496,
      4.23698779638127,
      -0.39711524149915267
    ],
    "upperarm_l": [
      1.5992857304874064,
      3.086241776608357,
      -0.18744706570757752
    ],
    "upperarm_r": [
      -0.5473121316775993,
      3.0774336967087823,
      -1.6919417782712531
    ]
  },
  "poleTargetPositions": {
    "leftArm": [
      1.6934294856836796,
      1.3501235948540575,
      1.262147259291798
    ],
    "rightArm": [
      -2.7887032150551376,
      3.1265425173692925,
      -1.4907009998404717
    ],
    "leftLeg": [
      0.3934200813748934,
      -4.064078967938335,
      0.7597503168692967
    ],
    "rightLeg": [
      -0.43485533179853864,
      -4.117052331444909,
      -0.2772725284415759
    ]
  },
  "hipBonePosition": {
    "hips": [
      -4.656612873077393e-10,
      7.445617198944092,
      0.35189288854599
    ]
  },
  "prompt": "",
  "_library": {
    "repository": "local_user_poses",
    "category": "Rest",
    "tags": [
      "closeup",
      "rest",
      "standing"
    ]
  }
}