{
  "bones": {
    "pelvis": [
      -6.944269222277643,
      -3.793192230492232,
      -7.782102462964547
    ],
    "spine_01": [
      -10.130388400127506,
      -1.8989282913013097,
      -0.06078877960818654
    ],
    "spine_02": [
      6.444044452514586,
      2.616504955689986,
      0.16867653112792422
    ],
    "spine_03": [
      0.9789156970011095,
      -2.4308119275511264,
      -0.1149000669160188
    ],
    "thigh_l": [
      9.575553737163201,
      -11.4272155613641,
      23.920995215884414
    ],
    "thigh_r": [
      8.532802202515143,
      -12.208908954794579,
      12.006560643401354
    ],
    "calf_l": [
      15.249370873145958,
      3.0869047523876723,
      -15.478602435845271
    ],
    "calf_r": [
      8.821953449678832,
      -0.09724279747183266,
      1.5295578059145083
    ],
    "clavicle_l": [
      1.012871898963812,
      1.4959914551166476,
      26.774602171674793
    ],
    "clavicle_r": [
      5.858179183010334,
      -15.424192698455652,
      -12.008691299868325
    ],
    "foot_l": [
      -21.40813862677267,
      18.747721930465115,
      30.279784590321633
    ],
    "foot_r": [
      -20.23157948665053,
      4.5937430637431085,
      -4.824710891053047
    ],
    "neck_01": [
      26.00382127239658,
      -0.7951922314005533,
      1.101707320844614
    ],
    "upperarm_l": [
      6.342126789018954,
      23.84976427024448,
      -48.401780594994
    ],
    "upperarm_r": [
      -35.81041495926562,
      28.477658931166637,
      0.036584442275229716
    ],
    "head": [
      -17.71198487146881,
      5.686910210222923,
      13.16202098510202
    ],
    "lowerarm_l": [
      19.766967550371895,
      9.014709721836468,
      -2.9700744939601535
    ],
    "lowerarm_r": [
      -75.2198411087061,
      1.370188241911779,
      58.24973247071062
    ],
    "hand_l": [
      -11.00554290732124,
      3.645767075873176,
      49.08106123416564
    ],
    "hand_r": [
      65.19529287580431,
      10.406729716985168,
      -120.2024352514811
    ],
    "index_01_l": [
      -5.6925229597407005,
      17.23292462567947,
      34.31960474044731
    ],
    "index_01_r": [
      -22.38583316290396,
      -9.446301455642283,
      -9.846574556063594
    ],
    "index_02_l": [
      -7.853369534189878,
      -2.0238825173451693,
      24.087329427693785
    ],
    "index_02_r": [
      -15.519611805425534,
      2.0133404919755074,
      -35.65701171060834
    ],
    "index_03_l": [
      -3.7626916082144812,
      -11.319674386055905,
      2.779015784632697
    ],
    "index_03_r": [
      -2.824499469570447,
      8.347276007674195,
      -2.1191126695961255
    ],
    "middle_01_l": [
      11.155384298393328,
      0.5989341550804039,
      15.564226676505973
    ],
    "middle_01_r": [
      -1.6998698519347444,
      0.5525816914073942,
      -0.3151693109182194
    ],
    "middle_02_l": [
      4.167598288137983,
      -6.5483292652501435,
      18.68010991397494
    ],
    "middle_02_r": [
      3.8336104228169448,
      5.857454309888085,
      -31.529475033483603
    ],
    "middle_03_l": [
      -1.7460206044811106,
      -17.500927722617863,
      5.554925571162156
    ],
    "middle_03_r": [
      -0.6303385838721122,
      4.6790226082775925,
      -1.5257420987062542
    ],
    "pinky_01_l": [
      6.478132177443952,
      7.826991296036866,
      -11.595270212339264
    ],
    "pinky_01_r": [
      19.329467413248462,
      -20.14089146298877,
      70.670317228539
    ],
    "pinky_02_l": [
      8.642365604968061,
      -7.350136906047531,
      14.722004213951806
    ],
    "pinky_02_r": [
      80.1322383745556,
      -30.869743112561206,
      47.989867972949156
    ],
    "pinky_03_l": [
      1.8937128688400948,
      -7.517609142536183,
      2.5708024462543264
    ],
    "pinky_03_r": [
      -4.75622200330738,
      -31.687228134323703,
      9.019562947196007
    ],
    "ring_01_l": [
      9.320295751992367,
      -3.3244397305436397,
      -1.686376340788129
    ],
    "ring_01_r": [
      19.460278064629332,
      -9.348611893571025,
      59.422073056271906
    ],
    "ring_02_l": [
      7.494838328973103,
      -10.189248820463401,
      15.5435113310974
    ],
    "ring_02_r": [
      100.69127474381985,
      -20.919130308235058,
      66.50080827619993
    ],
    "ring_03_l": [
      -0.4651381733439367,
      -12.606762562897918,
      4.561296689624076
    ],
    "ring_03_r": [
      2.064425424578981,
      -15.724316816735556,
      6.0973323088093725
    ],
    "thumb_01_l": [
      9.040904653924231,
      12.6976968007265,
      -0.1947193894719936
    ],
    "thumb_01_r": [
      7.167959744626202,
      -10.279193189841484,
      2.9908234628174513
    ],
    "thumb_02_l": [
      0.1889923548352706,
      -3.865079474062016,
      -11.113449755452827
    ],
    "thumb_02_r": [
      7.338261790345518,
      -0.7032414577937063,
      6.556649068257767
    ],
    "thumb_03_l": [
      -0.937392195569484,
      -0.21907691450384395,
      -0.28143700245623465
    ],
    "thumb_03_r": [
      32.3703312043875,
      -10.068549458030036,
      -7.176855910868466
    ]
  },
  "modelRotation": [
    0,
    0,
    0
  ],
  "camera": {
    "posX": 2.446990303279184,
    "posY": 4.026467476770765,
    "posZ": 46.003026843070984,
    "targetX": 2.446990303279184,
    "targetY": 4.026467476770763,
    "targetZ": 1.003026843070984
  },
  "cameraParams": {
    "offset_x": -0.6508062383676716,
    "offset_y": -2.8396567495818323,
    "zoom": 2.7161478340559166
  },
  "ikEffectorPositions": {
    "pelvis": [
      -4.656612873077393e-10,
      -0.7325234413146973,
      0.09424576163291931
    ],
    "hand_l": [
      3.0510123035923957,
      -1.0106038039192562,
      0.8048885765113685
    ],
    "hand_r": [
      -1.31944945324855,
      4.048379636522225,
      1.0720759191389426
    ],
    "foot_l": [
      2.3473901226075555,
      -7.148254263635945,
      -0.3650607198162805
    ],
    "foot_r": [
      -0.4332788643914013,
      -7.328802589357148,
      -0.4531404195990921
    ],
    "head": [
      0.5752664517592718,
      4.436814544022539,
      -0.2612585692041615
    ],
    "upperarm_l": [
      1.7953991455027491,
      3.0874762448331152,
      -0.43068449029852496
    ],
    "upperarm_r": [
      -0.570778829223144,
      3.0874762448331152,
      -0.8691686997980119
    ]
  },
  "poleTargetPositions": {
    "leftArm": [
      2.3465598449647223,
      0.7650232886852062,
      -0.2322765393634851
    ],
    "rightArm": [
      -2.73307577364133,
      2.718854877050142,
      0.09287172373906571
    ],
    "leftLeg": [
      1.6928975357876448,
      -4.033471701352594,
      0.7116312564444038
    ],
    "rightLeg": [
      -0.6786239446838094,
      -4.074942143103646,
      0.34791797785646084
    ]
  },
  "hipBonePosition": {
    "hips": [
      -4.656612873077393e-10,
      7.445617198944092,
      0.35189288854599
    ]
  },
  "_library": {
    "repository": "local_user_poses",
    "category": "Rest",
    "tags": [
      "closeup",
      "rest",
      "standing"
    ]
  },
  "prompt": ""
}