{
  "bones": {
    "pelvis": [
      -5.067102431212791,
      -19.06920864045805,
      -3.338065566673968
    ],
    "spine_01": [
      -10.170317241468288,
      -1.1400061973135576,
      -1.751029148064065
    ],
    "spine_02": [
      6.438033391035253,
      4.18393868749171,
      0.27001649817688417
    ],
    "spine_03": [
      0.9813526479515966,
      0.04323405758097853,
      0.002042404544451496
    ],
    "thigh_l": [
      7.657560090806851,
      6.316023168036182,
      -3.9814036132737005
    ],
    "thigh_r": [
      6.3863372321438705,
      -6.248122496394236,
      3.3504554345129764
    ],
    "calf_l": [
      6.141969069024621,
      0.46508763249394514,
      -4.573845524607409
    ],
    "calf_r": [
      7.464756602587007,
      0.29320825808895634,
      -0.2557843727911813
    ],
    "clavicle_l": [
      1.9962328845057458,
      -14.774370654903516,
      20.53829455657714
    ],
    "clavicle_r": [
      6.431102166579801,
      -20.993844881614383,
      -14.838750531226838
    ],
    "foot_l": [
      -17.001197761773724,
      7.503620708409746,
      16.39286126005486
    ],
    "foot_r": [
      -14.796947570705289,
      9.06165260201144,
      -6.631932395922211
    ],
    "neck_01": [
      24.721744706314997,
      10.273320553762584,
      -3.9110202293341154
    ],
    "upperarm_l": [
      14.701646589910059,
      -19.049436033568586,
      -25.83009204591011
    ],
    "upperarm_r": [
      -61.28561029832409,
      12.907818788791971,
      25.02908852536498
    ],
    "head": [
      -12.570048180567937,
      -2.940304353987518,
      1.1617831320975702
    ],
    "lowerarm_l": [
      -7.265163313803124,
      -38.86882768950416,
      -49.67118276956292
    ],
    "lowerarm_r": [
      -76.42134771598688,
      17.373692925452406,
      84.70478745564948
    ],
    "hand_l": [
      91.0892028043594,
      12.5046631932908,
      25.638691501745846
    ],
    "hand_r": [
      35.99112320320834,
      24.661592150153822,
      -51.934247926634725
    ],
    "index_01_l": [
      22.617616676371924,
      1.4525146779437244,
      -14.808995771341559
    ],
    "index_01_r": [
      23.66147417038336,
      -8.665183423533989,
      -0.14783933355151865
    ],
    "index_02_l": [
      35.58245684238467,
      -8.114844627315083,
      -44.99864844994576
    ],
    "index_02_r": [
      86.377599042176,
      8.503053130485151,
      62.568529681860426
    ],
    "index_03_l": [
      9.12061274930638,
      20.71826720443867,
      -7.693163734321297
    ],
    "index_03_r": [
      21.99674495359895,
      -37.91576885350625,
      19.54764074351665
    ],
    "middle_01_l": [
      8.153306490120027,
      1.4764544622603333,
      -30.56791515631404
    ],
    "middle_01_r": [
      30.019389692367344,
      -5.658470594291559,
      48.11690172598835
    ],
    "middle_02_l": [
      58.022615910214704,
      -4.342696420908123,
      -61.14855223710964
    ],
    "middle_02_r": [
      107.38792956710421,
      -24.49180139580604,
      66.22279801558747
    ],
    "middle_03_l": [
      8.712704690454801,
      31.426802295564283,
      -13.439388939794918
    ],
    "middle_03_r": [
      16.140086851730285,
      -43.38291313203193,
      22.37491638526912
    ],
    "pinky_01_l": [
      -14.760378482161194,
      4.177540780436623,
      -12.135945152671654
    ],
    "pinky_01_r": [
      9.688148815045668,
      -17.048443696097845,
      35.005302595507644
    ],
    "pinky_02_l": [
      44.518238965186995,
      1.3063823358264826,
      -77.42075185342811
    ],
    "pinky_02_r": [
      90.87110879965336,
      -13.065366190733354,
      65.38030780237536
    ],
    "pinky_03_l": [
      -5.312325012800121,
      44.64729697303106,
      -12.778253733954335
    ],
    "pinky_03_r": [
      -5.157164188633424,
      -50.80416278610863,
      14.835555790261294
    ],
    "ring_01_l": [
      -5.059109505109542,
      0.8038793677362305,
      -30.22222075897523
    ],
    "ring_01_r": [
      20.827929505870895,
      -9.293538220459844,
      51.3614068693434
    ],
    "ring_02_l": [
      71.17151247179953,
      -8.994222780836884,
      -82.54741553174836
    ],
    "ring_02_r": [
      105.44737382336736,
      -20.287204151371956,
      68.8769053669508
    ],
    "ring_03_l": [
      8.900905952858135,
      37.058918444372765,
      -17.3764423711217
    ],
    "ring_03_r": [
      11.818690624668182,
      -42.17904088324131,
      21.276284291940883
    ],
    "thumb_01_l": [
      -11.782250885404675,
      16.510577245684523,
      4.618735154192387
    ],
    "thumb_01_r": [
      8.070462625575159,
      -17.728561703715275,
      -6.957187763497072
    ],
    "thumb_02_l": [
      16.360901956408497,
      0.705013650081463,
      -3.4242997951232517
    ],
    "thumb_02_r": [
      3.7952909636880214,
      0.5756229602268005,
      5.873315697037432
    ],
    "thumb_03_l": [
      -8.63606408834347,
      -1.8297161011471694,
      -2.707316179462963
    ],
    "thumb_03_r": [
      0.9227101209653954,
      -0.22037315973414526,
      -0.2737898557505301
    ]
  },
  "modelRotation": [
    0,
    0,
    0
  ],
  "camera": {
    "posX": 0.06968863169275892,
    "posY": 1.6351358033743897,
    "posZ": 46.003026843070984,
    "targetX": 0.06968863169275892,
    "targetY": 1.635135803374387,
    "targetZ": 1.0030268430709839
  },
  "cameraParams": {
    "offset_x": -0.06968863169275892,
    "offset_y": -2.9137763120261204,
    "zoom": 2.7108736487829534
  },
  "ikEffectorPositions": {
    "pelvis": [
      -4.656612873077393e-10,
      -0.7325234413146973,
      0.09424576163291931
    ],
    "hand_l": [
      1.2070387638830893,
      -0.2121219588818135,
      0.6618532614556126
    ],
    "hand_r": [
      -0.9344095850604022,
      3.7040368747198684,
      0.5476518545298954
    ],
    "foot_l": [
      0.3818404574328339,
      -7.279941730633265,
      -0.49775231046349544
    ],
    "foot_r": [
      -0.6271341607040929,
      -7.243043095753244,
      -0.8101750253753521
    ],
    "head": [
      1.9950495398291843,
      4.077593115798919,
      0.03686205297216685
    ],
    "upperarm_l": [
      1.5733487851608854,
      3.1297874214267507,
      0.34640699787543316
    ],
    "upperarm_r": [
      -0.6238322383938024,
      3.1297874214267507,
      -0.9702866224361815
    ]
  },
  "poleTargetPositions": {
    "leftArm": [
      2.7916977438037947,
      1.1957744907996593,
      0.8598108236973364
    ],
    "rightArm": [
      -2.617852544018864,
      2.4880484955706454,
      0.07872141424590584
    ],
    "leftLeg": [
      0.4070912794086692,
      -4.108623012605663,
      0.37305729173802993
    ],
    "rightLeg": [
      -0.7347918630120068,
      -4.070112014180133,
      0.04838629994167687
    ]
  },
  "hipBonePosition": {
    "hips": [
      -4.656612873077393e-10,
      7.445617198944092,
      0.35189288854599
    ]
  },
  "_library": {
    "repository": "local_user_poses",
    "category": "Rest",
    "tags": [
      "closeup",
      "rest",
      "standing"
    ]
  },
  "prompt": ""
}