{
  "bones": {
    "pelvis": [
      -5.738497561847892,
      -3.7118684505661816,
      0.06269663766587869
    ],
    "spine_01": [
      -10.107999683546684,
      -2.2171243746061244,
      0.5022972844784377
    ],
    "spine_02": [
      6.447096080445542,
      1.193162247333478,
      0.07687634116918363
    ],
    "spine_03": [
      0.9813235912926527,
      0.26898332432782296,
      0.012706848797670834
    ],
    "thigh_l": [
      -8.270481645236451,
      6.041826934445996,
      -3.4536621532301375
    ],
    "thigh_r": [
      14.918845300961541,
      -5.499939918766841,
      2.9758534224599997
    ],
    "calf_l": [
      20.529228677179933,
      0.9974337714598037,
      -2.176504055930408
    ],
    "calf_r": [
      6.430068069547311,
      -0.36562151637142787,
      3.889417699269189
    ],
    "clavicle_l": [
      0.33676621047918576,
      17.29985722133687,
      19.50224986665422
    ],
    "clavicle_r": [
      3.337094419526023,
      -5.10913346433258,
      -20.414483043690698
    ],
    "foot_l": [
      -20.12019868754666,
      -3.853784831551968,
      10.553058851112302
    ],
    "foot_r": [
      -24.33277294868274,
      -1.4989723478527615,
      -9.391701029482943
    ],
    "neck_01": [
      30.30276846546789,
      5.3873318960957715,
      -2.3093372399046093
    ],
    "upperarm_l": [
      -24.36890910186349,
      -21.194137226877494,
      -8.175515954129162
    ],
    "upperarm_r": [
      -14.427383551388402,
      33.09204478358318,
      -38.13238435399275
    ],
    "head": [
      -12.452132719115005,
      -0.2049659272983082,
      -14.073209516861544
    ],
    "lowerarm_l": [
      -78.27276676968329,
      -12.621381151279635,
      -63.55329258647918
    ],
    "lowerarm_r": [
      -78.63460769881061,
      -10.319428603317558,
      60.76070869854664
    ],
    "hand_l": [
      49.118795798572535,
      -20.527858281069697,
      90.32456612797637
    ],
    "hand_r": [
      54.887246705824225,
      17.865187128686415,
      -86.59741194476594
    ],
    "index_01_l": [
      -3.642958609587761,
      5.784870716618528,
      -1.8554103308026333
    ],
    "index_01_r": [
      -11.288927848019922,
      -5.708028248218931,
      2.1205894638724514
    ],
    "index_02_l": [
      -12.494889225213274,
      -2.5292874374225627,
      28.36091872962674
    ],
    "index_02_r": [
      -12.104394673502943,
      2.7395309049420753,
      -26.825372596577274
    ],
    "index_03_l": [
      -3.1683195825868387,
      -9.425609408329507,
      2.363819838215843
    ],
    "index_03_r": [
      -2.4100906811745046,
      7.064878289685189,
      -1.8199461561533095
    ],
    "middle_01_l": [
      6.1857248679325165,
      0.7242337796041161,
      -2.441080809765344
    ],
    "middle_01_r": [
      3.5331437268050903,
      0.22629736724096008,
      -10.923453856231246
    ],
    "middle_02_l": [
      2.998239035922892,
      -6.582196337764782,
      25.768853584792065
    ],
    "middle_02_r": [
      4.794250827324301,
      5.768740736285983,
      -28.746899086458093
    ],
    "middle_03_l": [
      -1.3282932884907284,
      -11.443549233300532,
      3.663669558719005
    ],
    "middle_03_r": [
      -0.9832199699987848,
      7.8026941335552955,
      -2.519990277479179
    ],
    "pinky_01_l": [
      52.17756108898464,
      13.36506249580827,
      -92.10933931896042
    ],
    "pinky_01_r": [
      45.80875142391017,
      -15.257101646935373,
      89.73870885253079
    ],
    "pinky_02_l": [
      76.96965192209817,
      56.68152182787861,
      -32.25734184133462
    ],
    "pinky_02_r": [
      62.80026817843094,
      -44.35352041834229,
      24.887123246721462
    ],
    "pinky_03_l": [
      -4.029718508933082,
      24.107664408190452,
      -6.959605760277904
    ],
    "pinky_03_r": [
      -3.8534571800192325,
      -22.588744113624866,
      6.548105733287756
    ],
    "ring_01_l": [
      38.70194429235262,
      10.932280228978728,
      -70.48958332925407
    ],
    "ring_01_r": [
      31.142762817877355,
      -10.977414297948211,
      60.71496257187969
    ],
    "ring_02_l": [
      105.64603798199319,
      35.53849591830688,
      -63.64370296944696
    ],
    "ring_02_r": [
      103.4555499762941,
      -24.981757109105448,
      66.1275330455474
    ],
    "ring_03_l": [
      0.8329083917199507,
      8.058130942747901,
      -3.0131472211825505
    ],
    "ring_03_r": [
      1.3277312788193698,
      -11.49670911634837,
      4.3620266555102924
    ],
    "thumb_01_l": [
      21.125189966961145,
      9.959573416509004,
      -2.9783566820604452
    ],
    "thumb_01_r": [
      22.202448982658442,
      -13.939498184648029,
      -1.158849479741638
    ],
    "thumb_02_l": [
      6.0124147389136375,
      4.220218048113653,
      -3.8929778743509997
    ],
    "thumb_02_r": [
      6.640223813398182,
      -1.9307368103248825,
      6.421069819281244
    ],
    "thumb_03_l": [
      33.63543427919597,
      10.535228640062495,
      7.336755252250426
    ],
    "thumb_03_r": [
      26.565479884357977,
      -7.975435866356836,
      -6.313583192479348
    ]
  },
  "modelRotation": [
    0,
    0,
    0
  ],
  "camera": {
    "posX": -0.0485073248208272,
    "posY": 2.8599348149983257,
    "posZ": 46.003026843070984,
    "targetX": -0.0485073248208272,
    "targetY": 2.859934814998323,
    "targetZ": 1.0030268430709839
  },
  "cameraParams": {
    "offset_x": 0.048507324820827195,
    "offset_y": -4.138575323650056,
    "zoom": 3.53
  },
  "ikEffectorPositions": {
    "pelvis": [
      -4.656612873077393e-10,
      -0.7325234413146973,
      0.09424576163291931
    ],
    "hand_l": [
      1.5188538248030161,
      3.50944665298539,
      0.9720908507613463
    ],
    "hand_r": [
      -1.4304929672475684,
      4.263311373967488,
      1.0510301477618138
    ],
    "foot_l": [
      0.8729243530892645,
      -7.389202719590997,
      0.543982852789728
    ],
    "foot_r": [
      -0.7318624080992121,
      -7.4215856186485105,
      -1.4272954028049216
    ],
    "head": [
      -0.041337962534782266,
      4.237203146218203,
      -0.011429565701389643
    ],
    "upperarm_l": [
      1.253481315647947,
      3.1363539833875334,
      -0.7314550667625157
    ],
    "upperarm_r": [
      -1.375929369878938,
      3.136127240496581,
      -0.6854432319332122
    ]
  },
  "poleTargetPositions": {
    "leftArm": [
      2.7435616566732555,
      1.2848752737045288,
      0.3158991367552455
    ],
    "rightArm": [
      -2.7435616566732555,
      1.2848752737045288,
      0.3158991367552455
    ],
    "leftLeg": [
      0.9052219334473398,
      -4.198694229125977,
      1.0799989978397984
    ],
    "rightLeg": [
      -0.9052219334473398,
      -4.198694229125977,
      1.0799989978397984
    ]
  },
  "hipBonePosition": {
    "hips": [
      -4.656612873077393e-10,
      7.445617198944092,
      0.35189288854599
    ]
  },
  "_library": {
    "repository": "local_user_poses",
    "category": "Rest",
    "tags": [
      "closeup",
      "rest",
      "standing"
    ]
  },
  "prompt": ""
}