{
  "bones": {
    "pelvis": [
      -45.748023380694285,
      -24.26286851103059,
      -37.93414913767872
    ],
    "spine_01": [
      -13.710302924704182,
      -5.7019114313982096,
      2.0783279417187166
    ],
    "spine_02": [
      3.461116971311212,
      -0.11648242226946709,
      -0.0215919962990437
    ],
    "spine_03": [
      11.421248073946119,
      2.63201229767804,
      -0.042235656878564974
    ],
    "thigh_l": [
      -94.01558017767626,
      9.398708561161136,
      -9.482363044239941
    ],
    "thigh_r": [
      -92.16707282162912,
      -3.9012900604040768,
      5.184782695722446
    ],
    "calf_l": [
      117.84717427702094,
      11.64739940542214,
      -0.9928448830170594
    ],
    "calf_r": [
      129.15250858678996,
      -14.539581758152051,
      13.66217642445164
    ],
    "clavicle_l": [
      12.164529954039361,
      14.06854487244274,
      42.150714564654564
    ],
    "clavicle_r": [
      1.8810561867007056,
      8.11434965850248,
      -41.81221049786387
    ],
    "foot_l": [
      31.537833005050306,
      17.383523099158307,
      2.8714058595124228
    ],
    "foot_r": [
      10.48059841287479,
      9.869380311857421,
      1.3657742209974053
    ],
    "neck_01": [
      52.063998816924695,
      3.4203511573224334,
      -15.399103606765937
    ],
    "upperarm_l": [
      8.810988300774213,
      18.93794130502381,
      -65.93591746573068
    ],
    "upperarm_r": [
      -52.345562978910564,
      25.28042897989893,
      -3.034444750262582
    ],
    "head": [
      -20.167195503099475,
      10.372176394040538,
      22.099575196473804
    ],
    "lowerarm_l": [
      -35.131910186616025,
      -50.88988084917146,
      -76.25617324247132
    ],
    "lowerarm_r": [
      -96.16499101181134,
      -2.2131390914088303,
      65.9121294782455
    ],
    "hand_l": [
      39.03866075632647,
      -31.354535852706544,
      12.327404722954569
    ],
    "hand_r": [
      42.850108109826785,
      23.292150279450215,
      -83.26944988826739
    ],
    "index_01_l": [
      16.33897040734677,
      11.66282462642868,
      17.128374603479042
    ],
    "index_01_r": [
      25.631044600612558,
      -6.9778060301140155,
      -2.830351275423043
    ],
    "index_02_l": [
      10.351170455774282,
      -6.980831421349359,
      -28.772064549332693
    ],
    "index_02_r": [
      3.065859654466738,
      5.56383836518988,
      14.674141598400505
    ],
    "index_03_l": [
      2.0924178740334476,
      5.574093509082667,
      -1.671436333448781
    ],
    "index_03_r": [
      0.9488620498326564,
      -2.5923244714040585,
      0.7487777072692623
    ],
    "middle_01_l": [
      10.405075547112423,
      -0.14953069533971544,
      14.214257392605932
    ],
    "middle_01_r": [
      8.08832862197964,
      -0.35288569634350514,
      5.894347330104569
    ],
    "middle_02_l": [
      9.478837470264368,
      -5.2773266217213575,
      -32.37832932513421
    ],
    "middle_02_r": [
      12.219805758773491,
      4.512164266924331,
      18.450492895411347
    ],
    "middle_03_l": [
      -0.5164547359731373,
      -3.7610263533411348,
      1.230322999934878
    ],
    "middle_03_r": [
      0.6921179785979593,
      -4.291093383443246,
      1.4541393555541235
    ],
    "pinky_01_l": [
      6.486337731329093,
      -5.742561732083058,
      23.975001385717462
    ],
    "pinky_01_r": [
      -5.346676021806167,
      -3.299216927697097,
      7.154511253456109
    ],
    "pinky_02_l": [
      -1.6494307289709047,
      2.5851342868664693,
      -17.773036744263088
    ],
    "pinky_02_r": [
      6.356555000969699,
      0.956670316853747,
      6.145277805285483
    ],
    "pinky_03_l": [
      -0.45069580695744127,
      2.030819605827841,
      -0.6475772410014095
    ],
    "pinky_03_r": [
      0.5776449039240287,
      2.454950979233434,
      -0.8072016458934929
    ],
    "ring_01_l": [
      9.202545764719021,
      -6.58207298532415,
      12.65326211980424
    ],
    "ring_01_r": [
      3.243111536768333,
      -0.14723401003099096,
      21.931024597615647
    ],
    "ring_02_l": [
      3.197533510047072,
      -3.068601638869576,
      -25.28609515573393
    ],
    "ring_02_r": [
      15.157519338390362,
      1.216054351428027,
      22.063744256866496
    ],
    "ring_03_l": [
      -0.19257899138662163,
      -2.8478089115804317,
      1.0346082360020505
    ],
    "ring_03_r": [
      0.043518527473553836,
      -0.5545611501770249,
      0.2027329323094301
    ],
    "thumb_01_l": [
      4.976213551684031,
      11.889403448093358,
      2.243153170856712
    ],
    "thumb_01_r": [
      -4.32002566475905,
      -10.391337077392722,
      0.22762665038512467
    ],
    "thumb_02_l": [
      1.4085727477822623,
      -2.1575968107590633,
      -11.885509216053292
    ],
    "thumb_02_r": [
      6.618878898231995,
      -3.1210860625862673,
      3.252982061656159
    ],
    "thumb_03_l": [
      -10.714810508842074,
      -2.2052095960317417,
      -3.393795544468804
    ],
    "thumb_03_r": [
      2.222103467363107,
      -0.5385476053312339,
      -0.6537834320918707
    ]
  },
  "modelRotation": [
    0,
    0,
    0
  ],
  "camera": {
    "posX": 0.4125458544182029,
    "posY": 1.2058458012023952,
    "posZ": 46.003026843070984,
    "targetX": 0.4125458544182029,
    "targetY": 1.2058458012023925,
    "targetZ": 1.0030268430709839
  },
  "cameraParams": {
    "offset_x": -0.4125458544182029,
    "offset_y": -2.484486309854126,
    "zoom": 3.85,
    "yaw_deg": 0,
    "pitch_deg": 0
  },
  "ikEffectorPositions": {
    "pelvis": [
      -4.656612873077393e-10,
      -0.7325234413146973,
      0.09424576163291931
    ],
    "hand_l": [
      1.3940246851451694,
      1.3360150965135986,
      0.3006970366106363
    ],
    "hand_r": [
      2.113412654419589,
      3.8566230852431738,
      -2.0986354917583845
    ],
    "foot_l": [
      -1.5872184785269754,
      -1.6563720106658348,
      2.604145279086042
    ],
    "foot_r": [
      -1.9777475893392673,
      -1.580031583114641,
      1.4141770254595525
    ],
    "head": [
      2.291303075218042,
      3.039092079746974,
      -1.3072276504296416
    ],
    "upperarm_l": [
      3.2550393610576736,
      2.2124176712245514,
      -1.1532943427661662
    ],
    "upperarm_r": [
      1.3593045156893182,
      2.636554336791627,
      -2.547480113068026
    ]
  },
  "poleTargetPositions": {
    "leftArm": [
      2.7435616566732555,
      1.2848752737045288,
      0.3158991367552455
    ],
    "rightArm": [
      -2.7435616566732555,
      1.2848752737045288,
      0.3158991367552455
    ],
    "leftLeg": [
      0.9052219334473398,
      -4.198694229125977,
      1.0799989978397984
    ],
    "rightLeg": [
      -0.9052219334473398,
      -4.198694229125977,
      1.0799989978397984
    ]
  },
  "hipBonePosition": {
    "hips": [
      -4.656612873077393e-10,
      7.445617198944092,
      0.35189288854599
    ]
  },
  "prompt": "",
  "_library": {
    "repository": "local_user_poses",
    "category": "Rest",
    "tags": [
      "calm",
      "lying",
      "rest"
    ]
  }
}