{
  "bones": {
    "pelvis": [
      -52.087306077141506,
      2.629060309878838,
      84.79412469497474
    ],
    "spine_01": [
      -10.066876488360323,
      -1.8515589341309562,
      2.20848597784885
    ],
    "spine_02": [
      6.445873343461253,
      -1.8966354871434117,
      -0.12222880877623253
    ],
    "spine_03": [
      0.9812999599268423,
      -0.3601046534811233,
      -0.017011461868484214
    ],
    "thigh_l": [
      -44.61625183015893,
      -2.2898662311874904,
      1.1255713443767459
    ],
    "thigh_r": [
      -8.688374135156709,
      11.045523458984675,
      -10.040061276171375
    ],
    "calf_l": [
      97.84425071738555,
      9.919152874919938,
      -23.04621281035532
    ],
    "calf_r": [
      131.84552288704373,
      -16.211928450181677,
      75.96766458963249
    ],
    "clavicle_l": [
      28.714656022150788,
      29.129918900865427,
      25.3040945086585
    ],
    "clavicle_r": [
      10.463151180447074,
      16.70395687581252,
      -27.796185417333657
    ],
    "foot_l": [
      28.519477181198532,
      -6.8469409622314386,
      8.345338397512469
    ],
    "foot_r": [
      2.502579127468509,
      36.905877830048716,
      11.199580549614382
    ],
    "neck_01": [
      7.5454231486628025,
      -8.290774499031746,
      10.330275312025956
    ],
    "upperarm_l": [
      1.0168916686915943,
      -5.648944306206083,
      -33.41634360072635
    ],
    "upperarm_r": [
      1.2381950929019196,
      7.337712639803801,
      33.97753358446927
    ],
    "ball_r": [
      -0.009233230221308421,
      -0.041039396420030703,
      0.0026272560766734876
    ],
    "head": [
      -11.716119334004345,
      -32.41487123891284,
      -8.637269757825095
    ],
    "lowerarm_l": [
      -57.66313482915121,
      -33.94919816219419,
      -76.40469488132591
    ],
    "lowerarm_r": [
      -49.333497562713795,
      28.338269488547297,
      67.51739130531944
    ],
    "hand_l": [
      4.231092843133111,
      -19.915104161788403,
      -10.665725354846417
    ],
    "hand_r": [
      13.607064142816771,
      23.727336684633524,
      -20.01589923576461
    ],
    "index_01_l": [
      10.54333969388303,
      4.729117488829411,
      -10.954113828235439
    ],
    "index_01_r": [
      19.652951707037868,
      -6.253311824768361,
      0.8148263981155485
    ],
    "index_02_l": [
      -0.9400298225658453,
      -2.300077751250645,
      7.535686974188204
    ],
    "index_02_r": [
      12.675366966640029,
      5.672251322312881,
      24.032828923542397
    ],
    "index_03_l": [
      -0.544378026740046,
      -1.5358331049908638,
      0.42196434218697215
    ],
    "index_03_r": [
      4.0902999014512575,
      -10.41758509527892,
      3.3287909931936697
    ],
    "middle_01_l": [
      -1.5446603197454014,
      -0.44298889411788317,
      12.323076137565755
    ],
    "middle_01_r": [
      16.404185429217154,
      -2.6431354332423163,
      19.186210813584324
    ],
    "middle_02_l": [
      7.481528906886007,
      -5.711998331318271,
      -13.30317636703763
    ],
    "middle_02_r": [
      26.326844781729374,
      1.2021858849587381,
      31.486262267092634
    ],
    "middle_03_l": [
      0.0441361355422695,
      0.29599181194043006,
      -0.0984003608163475
    ],
    "middle_03_r": [
      1.2587895140255274,
      -7.355308952559962,
      2.5351826088385785
    ],
    "pinky_01_l": [
      9.262595494915523,
      -3.5311142692416446,
      21.653506375929485
    ],
    "pinky_01_r": [
      7.374575122029957,
      -10.928448178927134,
      19.88328274023187
    ],
    "pinky_02_l": [
      9.313269005885514,
      -10.843459416051594,
      16.51056294671175
    ],
    "pinky_02_r": [
      18.46641564053659,
      -7.432877730626586,
      25.67887498500113
    ],
    "pinky_03_l": [
      2.3945734193799018,
      -9.276847338960934,
      3.219920474857453
    ],
    "pinky_03_r": [
      -1.814622843137644,
      -8.927554806365716,
      2.7349111547181044
    ],
    "ring_01_l": [
      5.041631781385384,
      -6.60893336110118,
      15.723150962538183
    ],
    "ring_01_r": [
      1.6417861389272812,
      -0.9156695451207236,
      21.698852144554117
    ],
    "ring_02_l": [
      1.7222343688186257,
      -7.957248381247601,
      -5.836491399533778
    ],
    "ring_02_r": [
      25.129704409165615,
      -2.104239075178578,
      29.87539319142815
    ],
    "ring_03_l": [
      -0.019449163119703055,
      -0.25632084254755033,
      0.09354521130004777
    ],
    "ring_03_r": [
      0.9904780422175651,
      -9.221990828593025,
      3.46434218779973
    ],
    "thumb_01_l": [
      -15.288783116133876,
      16.83639596752979,
      5.0564168162512315
    ],
    "thumb_01_r": [
      -8.892518537606366,
      -13.655958111266074,
      -0.28341227825605364
    ],
    "thumb_02_l": [
      16.753483152180895,
      -3.759003354992376,
      -9.70421914932198
    ],
    "thumb_02_r": [
      7.7423319930751875,
      0.44706935058138547,
      5.596021918223386
    ],
    "thumb_03_l": [
      -8.936921136459885,
      -1.8856434196240033,
      -2.805906018274494
    ],
    "thumb_03_r": [
      -5.150877087379276,
      1.1428767660647645,
      1.5850411616680908
    ]
  },
  "modelRotation": [
    4.834146230003963,
    3.2741778592979127,
    0
  ],
  "camera": {
    "posX": -0.6665576518767974,
    "posY": 0.31814558202533105,
    "posZ": 46.003026843070984,
    "targetX": -0.6665576518767974,
    "targetY": 0.3181455820253283,
    "targetZ": 1.0030268430709837
  },
  "cameraParams": {
    "offset_x": 0.6665576518767974,
    "offset_y": -1.5967860906770617,
    "zoom": 1.7574804405478308,
    "yaw_deg": 0,
    "pitch_deg": 0
  },
  "ikEffectorPositions": {
    "pelvis": [
      -0.1354197784569674,
      -0.753893040551123,
      0.009739641535886356
    ],
    "hand_l": [
      -2.4272744778300153,
      0.4217541589644416,
      -0.889797106223539
    ],
    "hand_r": [
      -2.172806152325223,
      -0.23071042801409836,
      1.5896334075181753
    ],
    "foot_l": [
      3.9985172859543248,
      -1.0621257516647744,
      -0.38055628579318324
    ],
    "foot_r": [
      3.587721041252436,
      -0.8793802598468217,
      -1.5612820931842468
    ],
    "head": [
      -5.274258854120385,
      -0.5235679590475815,
      0.4790126439373624
    ],
    "upperarm_l": [
      -4.452600165620897,
      -0.035972926291244156,
      -0.9504605953112357
    ],
    "upperarm_r": [
      -4.176360539195944,
      -1.3194141892941693,
      1.2543000552425307
    ]
  },
  "poleTargetPositions": {
    "leftArm": [
      -2.956721244234096,
      -0.4443478733757913,
      -2.7264680914357706
    ],
    "rightArm": [
      -2.4654461632775804,
      -1.920472556471412,
      2.08572978604964
    ],
    "leftLeg": [
      2.3940666924716023,
      1.5913015677118993,
      0.7133866283363232
    ],
    "rightLeg": [
      2.671238159408969,
      -1.336729306905799,
      2.3087577040398144
    ]
  },
  "hipBonePosition": {
    "hips": [
      -0.13938158268774906,
      7.427750114182226,
      0.32303004813868264
    ]
  },
  "prompt": "",
  "_library": {
    "repository": "local_user_poses",
    "category": "Rest",
    "tags": [
      "calm",
      "lying",
      "rest"
    ]
  }
}