{
  "bones": {
    "pelvis": [
      39.42133095303711,
      2.1215343516161878,
      -85.57586793335022
    ],
    "spine_01": [
      -10.251880926834781,
      2.5337704179632,
      2.7190703865059622
    ],
    "spine_02": [
      6.426674300901459,
      -6.129379925477314,
      -0.39638002931719774
    ],
    "spine_03": [
      0.9189390240709563,
      -12.187869810990556,
      -0.5846069070074589
    ],
    "thigh_l": [
      -18.21143839835151,
      17.500399364589438,
      -25.004236775768376
    ],
    "thigh_r": [
      -72.96261602080142,
      11.382860704299727,
      -7.7077838055433725
    ],
    "calf_l": [
      18.967209759509203,
      1.6297279797634383,
      9.30049254943793
    ],
    "calf_r": [
      91.17719936507608,
      -9.666085620432387,
      22.432649477242773
    ],
    "clavicle_l": [
      -11.176569330707833,
      -23.628099040423386,
      53.378091614723814
    ],
    "clavicle_r": [
      -9.093549634375574,
      -10.017390044169884,
      -32.94395339697918
    ],
    "foot_l": [
      17.824563335744028,
      -3.4592220100070796,
      29.091106768400962
    ],
    "foot_r": [
      15.486324849482086,
      2.552036958499016,
      -16.52138507905116
    ],
    "neck_01": [
      41.96566790789677,
      -16.672727106075058,
      15.179475963805507
    ],
    "upperarm_l": [
      -32.66132688647688,
      -14.796557636563309,
      27.454699351757135
    ],
    "upperarm_r": [
      36.17600131574235,
      0.7698432448592423,
      22.028836746558905
    ],
    "head": [
      -44.84696605746243,
      -20.408874807792078,
      29.581043420350216
    ],
    "lowerarm_l": [
      -88.02782810442885,
      8.793186284947895,
      -55.05681464931514
    ],
    "lowerarm_r": [
      -40.574704712178686,
      63.00684980306519,
      61.200625278607724
    ],
    "hand_l": [
      31.590113960149356,
      -49.05901745161412,
      41.3086310602078
    ],
    "hand_r": [
      -17.51548886285965,
      20.099760954622546,
      -15.084747627860017
    ],
    "index_01_l": [
      20.13398049359639,
      7.112097994521546,
      -2.9767130966068214
    ],
    "index_01_r": [
      25.016332971016663,
      -5.2692095559324805,
      12.234092932378726
    ],
    "index_02_l": [
      15.919330535643445,
      -2.941366010875979,
      -19.21789229514888
    ],
    "index_02_r": [
      36.11668599775427,
      0.011425969228083192,
      32.63899693464118
    ],
    "index_03_l": [
      3.247082604910233,
      8.429139683892657,
      -2.6228493768292176
    ],
    "index_03_r": [
      4.92411850211305,
      -12.30599485741694,
      4.035205514525537
    ],
    "middle_01_l": [
      10.764344231223175,
      2.3923214305459624,
      -21.38832792255763
    ],
    "middle_01_r": [
      23.755332922289114,
      -4.404157509631271,
      42.6039001915882
    ],
    "middle_02_l": [
      27.64898685487207,
      -0.004730567483834604,
      -29.02018175302199
    ],
    "middle_02_r": [
      66.05471865355194,
      -13.743819901911703,
      46.81559337316
    ],
    "middle_03_l": [
      1.5031474210339995,
      8.578854002965283,
      -2.9786992698757646
    ],
    "middle_03_r": [
      2.9121611749525087,
      -14.75872172707825,
      5.345906251254975
    ],
    "pinky_01_l": [
      -2.2469137164265396,
      8.252080207582837,
      -16.578485455814025
    ],
    "pinky_01_r": [
      23.896580440193123,
      -20.97118201469777,
      63.3956965651091
    ],
    "pinky_02_l": [
      16.68977587135589,
      6.4562721112776,
      -20.588524841080236
    ],
    "pinky_02_r": [
      90.50409707698829,
      -28.211620923146164,
      56.680881546966155
    ],
    "pinky_03_l": [
      -2.2588413368653533,
      11.476856426373187,
      -3.4713933189564163
    ],
    "pinky_03_r": [
      -4.820357451213741,
      -32.52719206857713,
      9.250714312192926
    ],
    "ring_01_l": [
      -0.11148141301451303,
      -0.0863008725368923,
      -21.033369823221577
    ],
    "ring_01_r": [
      19.10841851767056,
      -8.851439940984747,
      52.28299544149234
    ],
    "ring_02_l": [
      24.334885824570183,
      1.2691488835502043,
      -37.91738662194333
    ],
    "ring_02_r": [
      82.75844070221981,
      -14.195722422571478,
      61.94739716855286
    ],
    "ring_03_l": [
      0.8272028692608994,
      8.014560270699329,
      -2.996354611066762
    ],
    "ring_03_r": [
      3.0152886684855504,
      -20.188023094345724,
      8.049732127442049
    ],
    "thumb_01_l": [
      -0.7079348516653493,
      15.509475191029043,
      3.3294205965227524
    ],
    "thumb_01_r": [
      2.69741473443491,
      -16.559651929337672,
      -5.112909652002948
    ],
    "thumb_02_l": [
      1.6945126300675675,
      -0.940259151490099,
      -5.883746630607387
    ],
    "thumb_02_r": [
      1.6042781916860296,
      0.8584203061247886,
      6.200887004590273
    ],
    "thumb_03_l": [
      -0.5486969881736129,
      -0.12882198052060084,
      -0.1643427426646048
    ],
    "thumb_03_r": [
      -3.097058680406548,
      0.7051600686605936,
      0.9419395912544305
    ]
  },
  "modelRotation": [
    4.725139247941952,
    1.1330984866886267,
    0
  ],
  "camera": {
    "posX": 0.5289410115186819,
    "posY": -0.037183420938973775,
    "posZ": 46.003026843070984,
    "targetX": 0.5289410115186819,
    "targetY": -0.03718342093897653,
    "targetZ": 1.0030268430709839
  },
  "cameraParams": {
    "offset_x": -0.5289410115186819,
    "offset_y": -1.2414570877127569,
    "zoom": 1.95,
    "yaw_deg": 0,
    "pitch_deg": 0
  },
  "ikEffectorPositions": {
    "pelvis": [
      0.10990051492095124,
      -0.6699326712455651,
      -0.023409704536071385
    ],
    "hand_l": [
      6.289989445789949,
      -0.14919862265516892,
      0.5771640356550838
    ],
    "hand_r": [
      1.451804697778794,
      1.1593236352774414,
      0.522735629628547
    ],
    "foot_l": [
      -6.072166751030435,
      -1.4476949504591516,
      1.651683709291623
    ],
    "foot_r": [
      -3.7498816041759087,
      -1.687670159977014,
      2.3115345601202093
    ],
    "head": [
      4.873445911245322,
      -0.02662510933541997,
      0.6983259807693385
    ],
    "upperarm_l": [
      4.779500568508505,
      -1.0124717395392138,
      -0.3488326480364721
    ],
    "upperarm_r": [
      4.050118205419955,
      1.1432049355451497,
      0.36440817212378307
    ]
  },
  "poleTargetPositions": {
    "leftArm": [
      6.916426410984981,
      -1.981252941338538,
      0.5904314285214828
    ],
    "rightArm": [
      2.6304891663119836,
      2.6144700312753777,
      -0.2340087969247368
    ],
    "leftLeg": [
      -2.9952830868566376,
      -1.5311005955593138,
      0.8807091551198734
    ],
    "rightLeg": [
      -0.7635274477172352,
      -1.597714097550123,
      3.3881030678183444
    ]
  },
  "hipBonePosition": {
    "hips": [
      0.10924906998159065,
      7.5085564499771404,
      0.2916702702364176
    ]
  },
  "prompt": "",
  "_library": {
    "repository": "local_user_poses",
    "category": "Rest",
    "tags": [
      "calm",
      "lying",
      "rest"
    ]
  }
}