{
  "bones": {
    "pelvis": [
      -41.526347233475555,
      23.18496190992395,
      40.75419852521959
    ],
    "spine_01": [
      -13.597334795008653,
      7.721691444182589,
      -1.983836081030747
    ],
    "spine_02": [
      3.456686267311625,
      -1.658790292651253,
      -0.3075733361876242
    ],
    "spine_03": [
      11.420308601377148,
      0.4690924654877593,
      -0.007522354979329513
    ],
    "thigh_l": [
      -98.84717389306508,
      7.487523093313132,
      -10.027675431623326
    ],
    "thigh_r": [
      -67.93374603360694,
      -8.474820549834812,
      5.674939139444885
    ],
    "calf_l": [
      121.90040008505572,
      14.397777564180046,
      -16.28930623247381
    ],
    "calf_r": [
      87.91246996669322,
      -4.798346454909647,
      -18.89655917163639
    ],
    "clavicle_l": [
      1.6743073742426204,
      -2.0338292310646637,
      52.055511186160466
    ],
    "clavicle_r": [
      7.799839515219655,
      -18.233839765651343,
      -46.774196207828304
    ],
    "foot_l": [
      -6.53074609895223,
      -5.803069585271296,
      -4.549371886040639
    ],
    "foot_r": [
      14.23461579649946,
      -13.088009448075237,
      -13.490344371108414
    ],
    "neck_01": [
      41.52370198778662,
      -23.30323478665007,
      23.15435092545574
    ],
    "upperarm_l": [
      -46.729454238824445,
      -14.027844546831348,
      13.998640545044966
    ],
    "upperarm_r": [
      20.246098340483147,
      -3.1604256902818775,
      -16.792882930200445
    ],
    "head": [
      -17.153211009069473,
      -8.023002714609284,
      -8.41960494670599
    ],
    "lowerarm_l": [
      -104.45857839060518,
      12.260543859191252,
      -67.34541982737078
    ],
    "lowerarm_r": [
      -56.96269206943549,
      -12.498516420041698,
      120.74203558316249
    ],
    "hand_l": [
      41.43761341355928,
      -6.325194541571402,
      64.40150914682913
    ],
    "hand_r": [
      42.00215795067785,
      29.095922772373836,
      -5.8009727549446914
    ],
    "index_01_l": [
      21.83931693478914,
      6.699213715527744,
      3.2046850317196447
    ],
    "index_01_r": [
      12.88413643233941,
      -11.1224291877392,
      -17.283237375095776
    ],
    "index_02_l": [
      2.329408443559281,
      -5.463402240887918,
      -13.239602779626805
    ],
    "index_02_r": [
      -8.444451169101148,
      1.8936330816640783,
      -26.554805988442897
    ],
    "index_03_l": [
      0.9892798236239696,
      2.7003612891128346,
      -0.7810295792547901
    ],
    "index_03_r": [
      -1.215538988426469,
      3.4779163616636857,
      -0.933898539993634
    ],
    "middle_01_l": [
      4.181557723647928,
      -0.23030644430288633,
      -3.383368347062654
    ],
    "middle_01_r": [
      20.035120633039455,
      -3.8443697150135265,
      46.49348197709263
    ],
    "middle_02_l": [
      10.252657425223338,
      -4.983759898249373,
      -15.15460282027432
    ],
    "middle_02_r": [
      102.83144241213068,
      -13.191292711671405,
      66.99760887107523
    ],
    "middle_03_l": [
      0.20830165726756733,
      1.3676225022311634,
      -0.45684945819573647
    ],
    "middle_03_r": [
      9.245106043785091,
      -32.53301053077604,
      14.113802773841833
    ],
    "pinky_01_l": [
      -7.719833971352917,
      2.6850923225136683,
      -6.691299344222183
    ],
    "pinky_01_r": [
      33.03621343471536,
      -19.820965857178255,
      79.06414254600467
    ],
    "pinky_02_l": [
      5.77230229823788,
      -0.08942590132681451,
      -9.091966519872052
    ],
    "pinky_02_r": [
      82.57180898348756,
      -36.1335118272224,
      46.234780096232356
    ],
    "pinky_03_l": [
      0.3983950533228854,
      -1.7098644428672345,
      0.5592126036443837
    ],
    "pinky_03_r": [
      -5.188432321530804,
      -38.90209741426275,
      11.048696858548094
    ],
    "ring_01_l": [
      -4.544922586277958,
      -2.7109860263685883,
      -15.148808438735742
    ],
    "ring_01_r": [
      22.937862610780734,
      -9.581045427111855,
      62.91260286752554
    ],
    "ring_02_l": [
      13.084421246043863,
      -1.5342012699100893,
      -25.18367255698045
    ],
    "ring_02_r": [
      93.3542866774794,
      -21.74241186769136,
      62.53863799820947
    ],
    "ring_03_l": [
      0.00901781605783565,
      0.11701184131776624,
      -0.04273707168930828
    ],
    "ring_03_r": [
      6.545354589635286,
      -31.734200444142868,
      13.978936910436998
    ],
    "thumb_01_l": [
      -8.934425918697023,
      10.901556121880066,
      0.09735503068500499
    ],
    "thumb_01_r": [
      -5.929110115279307,
      -11.087674878370654,
      -0.5988922151135199
    ],
    "thumb_02_l": [
      5.704520784242234,
      3.808930131237518,
      -0.8770885719498915
    ],
    "thumb_02_r": [
      0.008067100876192008,
      -3.8924314284943846,
      0.9757402270081358
    ],
    "thumb_03_l": [
      10.024927399487034,
      2.6341209911951524,
      2.787350235997286
    ],
    "thumb_03_r": [
      -0.5095298986770959,
      0.11968505577145834,
      0.15257496681349916
    ]
  },
  "modelRotation": [
    0,
    0,
    0
  ],
  "camera": {
    "posX": -0.5789605332897022,
    "posY": 0.21746484173962263,
    "posZ": 46.003026843070984,
    "targetX": -0.5789605332897022,
    "targetY": 0.21746484173961989,
    "targetZ": 1.0030268430709839
  },
  "cameraParams": {
    "offset_x": 0.5789605332897022,
    "offset_y": -1.4961053503913533,
    "zoom": 3.0470961071440303,
    "yaw_deg": 0,
    "pitch_deg": 0
  },
  "ikEffectorPositions": {
    "pelvis": [
      0,
      -0.8161652684211731,
      0.13943606615066528
    ],
    "hand_l": [
      -2.67316309261964,
      3.8925629854114945,
      -2.1651656232823844
    ],
    "hand_r": [
      -3.621408548944819,
      2.298707353391143,
      0.3539458888571083
    ],
    "foot_l": [
      1.942012668047814,
      -1.4746051529904602,
      2.043818873823876
    ],
    "foot_r": [
      1.886869784458089,
      -3.244257729368425,
      3.8344699669400093
    ],
    "head": [
      -2.7645682011796713,
      2.9982890845986447,
      -0.9763752338848706
    ],
    "upperarm_l": [
      -1.7810955542499474,
      2.722572096806676,
      -2.271708586355582
    ],
    "upperarm_r": [
      -3.386767527795515,
      2.1432029712318386,
      -0.8896020185168194
    ]
  },
  "poleTargetPositions": {
    "leftArm": [
      1.342162408135894,
      0.8083535081726352,
      -0.10579769459498434
    ],
    "rightArm": [
      -1.2425202770730694,
      0.8397276487590482,
      -0.08803165389264031
    ],
    "leftLeg": [
      0.4917222421224547,
      -4.0879622864980725,
      0.19910617900224004
    ],
    "rightLeg": [
      -0.5295980877498624,
      -4.058122591904368,
      0.3652299658913595
    ]
  },
  "hipBonePosition": {
    "hips": [
      0,
      7.361975371837616,
      0.39708319306373596
    ]
  },
  "prompt": "",
  "_library": {
    "repository": "local_user_poses",
    "category": "Rest",
    "tags": [
      "calm",
      "lying",
      "rest"
    ]
  }
}