{
  "bones": {
    "pelvis": [
      -4.463854339417243,
      -36.295169140299635,
      2.127487926558832
    ],
    "spine_01": [
      -10.032185326472801,
      2.270504092354055,
      -2.7383574361105727
    ],
    "spine_02": [
      6.434425692044121,
      4.8876262196668225,
      0.3156355457737613
    ],
    "spine_03": [
      1.8395877382205776,
      -0.08957960764076768,
      -0.10292532820852107
    ],
    "thigh_l": [
      -1.4538564386816537,
      -26.23995140997775,
      50.64388704817026
    ],
    "thigh_r": [
      -40.39450553839959,
      20.9484853963047,
      -25.40546289801304
    ],
    "calf_l": [
      50.55816185516938,
      9.539116874473414,
      -54.40055471262742
    ],
    "calf_r": [
      67.21501811471663,
      -2.8501485575718153,
      35.222901265837415
    ],
    "clavicle_l": [
      -4.825511989200345,
      -15.346793901803236,
      18.004393583299617
    ],
    "clavicle_r": [
      9.52194552027338,
      -21.183937240243612,
      -26.187760205300354
    ],
    "foot_l": [
      -16.587629825781505,
      39.97995777974118,
      -5.273328702323529
    ],
    "foot_r": [
      -20.837168708625644,
      -24.36852541444169,
      -13.528815914536349
    ],
    "neck_01": [
      35.867933250224475,
      18.897394591330066,
      1.5309304900567942
    ],
    "upperarm_l": [
      -10.960820352441313,
      12.675356527641963,
      -22.644503101771452
    ],
    "upperarm_r": [
      -22.671303548312082,
      18.40649732750115,
      9.955939953532573
    ],
    "head": [
      -20.999649202674156,
      36.10847476131315,
      -8.491745159518747
    ],
    "lowerarm_l": [
      -8.976680317643337,
      19.808100161529676,
      7.462081699811735
    ],
    "lowerarm_r": [
      -86.16445042400039,
      -8.783630363230595,
      43.21616851010229
    ],
    "hand_l": [
      -29.809728116586772,
      48.97674934970049,
      -64.38859333682014
    ],
    "hand_r": [
      19.751303753268513,
      25.600698390040304,
      17.67883278471249
    ],
    "index_01_l": [
      76.33689579655986,
      -5.6868484698988375,
      -65.38046513094802
    ],
    "index_01_r": [
      60.86173183122661,
      7.0402327553307655,
      62.36348232476298
    ],
    "index_02_l": [
      85.89623858093455,
      58.828988861026005,
      -47.17089081283908
    ],
    "index_02_r": [
      105.47252543345354,
      -45.31354959620679,
      62.397960356771215
    ],
    "index_03_l": [
      10.898705913933028,
      23.786064963550686,
      -9.284112721657852
    ],
    "index_03_r": [
      17.82083100893806,
      -33.463328184529125,
      15.633650454089574
    ],
    "middle_01_l": [
      58.989658343652685,
      1.1936239614376913,
      -73.10006239312152
    ],
    "middle_01_r": [
      60.320433938626365,
      1.9082234573093588,
      79.41839803878115
    ],
    "middle_02_l": [
      113.62441497188672,
      59.03632938556545,
      -68.11614100206275
    ],
    "middle_02_r": [
      129.09860013701572,
      -60.49700315940632,
      80.3381842284899
    ],
    "middle_03_l": [
      10.93490060525407,
      35.73612365871659,
      -16.210654684903552
    ],
    "middle_03_r": [
      15.759772810211059,
      -42.91348667190444,
      21.935731472245706
    ],
    "pinky_01_l": [
      55.6063649471932,
      19.450944757415797,
      -80.06363966090528
    ],
    "pinky_01_r": [
      52.61808880551415,
      -16.257942977415325,
      86.32838313350275
    ],
    "pinky_02_l": [
      117.3260837856101,
      61.726585812086995,
      -64.65924085768596
    ],
    "pinky_02_r": [
      135.82184526925457,
      -61.444043455652185,
      79.10669940661441
    ],
    "pinky_03_l": [
      -5.297151877573905,
      46.78050003487397,
      -13.46140055312939
    ],
    "pinky_03_r": [
      -4.560355221599618,
      -57.04065596102104,
      17.28894606276557
    ],
    "ring_01_l": [
      50.265507663563994,
      9.743156495516796,
      -77.13274622016922
    ],
    "ring_01_r": [
      48.64160866615121,
      -7.902931421687234,
      83.21198117885183
    ],
    "ring_02_l": [
      126.49738604933019,
      52.763460378553795,
      -74.12226025315529
    ],
    "ring_02_r": [
      128.53258873467524,
      -52.204799153381806,
      75.50141970392598
    ],
    "ring_03_l": [
      9.384134499981535,
      38.00293087257176,
      -18.041757718478436
    ],
    "ring_03_r": [
      14.212605851603108,
      -45.54158418740683,
      24.312301572801267
    ],
    "thumb_01_l": [
      21.820534392836876,
      11.10514809701121,
      -1.89530223710363
    ],
    "thumb_01_r": [
      7.263066049964729,
      -11.204230050161796,
      2.0268781069179753
    ],
    "thumb_02_l": [
      -3.6208065544238823,
      1.8465583667508738,
      -5.615425148422149
    ],
    "thumb_02_r": [
      -2.71663572951941,
      0.9117062146374956,
      7.752160713577765
    ],
    "thumb_03_l": [
      28.926843865080897,
      8.816448215303174,
      6.690050609128105
    ],
    "thumb_03_r": [
      29.330382078866656,
      -8.961680907245254,
      -6.7509535671798
    ]
  },
  "modelRotation": [
    4.481099260543592,
    -0.4829553721073175,
    0
  ],
  "camera": {
    "posX": -0.20804765835807854,
    "posY": -0.025582916529797294,
    "posZ": 46.003026843070984,
    "targetX": -0.20804765835807854,
    "targetY": -0.02558291652980005,
    "targetZ": 1.0030268430709839
  },
  "cameraParams": {
    "offset_x": 0.20804765835807854,
    "offset_y": -1.2530575921219334,
    "zoom": 1.9279971542229846,
    "yaw_deg": 0,
    "pitch_deg": 0
  },
  "ikEffectorPositions": {
    "pelvis": [
      0.03573840598311447,
      -0.6090041967474642,
      -0.0194812940057848
    ],
    "hand_l": [
      2.170383903764037,
      1.263132676130031,
      3.9055231298508994
    ],
    "hand_r": [
      -2.7407726776692756,
      4.080635486035119,
      -0.337768462488399
    ],
    "foot_l": [
      3.1147313118870485,
      -5.503087057848328,
      2.1298997587988673
    ],
    "foot_r": [
      -2.410786603899423,
      -5.65014482359961,
      -0.30413808352979366
    ],
    "head": [
      -0.05886588854424904,
      4.264595223716331,
      0.5036174211093127
    ],
    "upperarm_l": [
      1.1885447040403974,
      3.2837032796024457,
      0.8235737708473202
    ],
    "upperarm_r": [
      -0.6948497559246682,
      3.536967157616033,
      -1.030490246250099
    ]
  },
  "poleTargetPositions": {
    "leftArm": [
      1.8474082221653794,
      1.677876059348446,
      1.781963167114569
    ],
    "rightArm": [
      -2.5778977698177594,
      2.5178017697106214,
      -1.9624227143644033
    ],
    "leftLeg": [
      1.8145713147711304,
      -2.2166901159416215,
      2.94704614038221
    ],
    "rightLeg": [
      -2.910804420791207,
      -2.655451016488732,
      0.6420631428161192
    ]
  },
  "hipBonePosition": {
    "hips": [
      0.03597449785085824,
      7.56947599298653,
      0.28550477935711116
    ]
  },
  "prompt": "",
  "_library": {
    "repository": "local_user_poses",
    "category": "Fighting",
    "tags": [
      "Fighting",
      "standing",
      "full body"
    ]
  }
}