{
  "bones": {
    "pelvis": [
      12.990331899292247,
      9.219747205348527,
      76.34653289612825
    ],
    "spine_01": [
      -10.146748905011384,
      0.22789601561643608,
      -4.463181522745409
    ],
    "spine_02": [
      6.378741513210045,
      11.005296092059872,
      0.7178456203160783
    ],
    "spine_03": [
      3.8004091255356838,
      11.117568132816473,
      -3.4559149241279497
    ],
    "thigh_l": [
      34.76995491589472,
      -9.88939423492189,
      81.13687212268198
    ],
    "thigh_r": [
      0.547550415800155,
      19.7649738067347,
      -71.74591588764584
    ],
    "calf_l": [
      15.812870555710093,
      36.00737796149715,
      -3.773104707088255
    ],
    "calf_r": [
      -9.896224230989464,
      -1.3268675883615408,
      -2.940163471326647
    ],
    "clavicle_l": [
      -62.9731356842708,
      -11.649198445381789,
      -33.57367805531141
    ],
    "clavicle_r": [
      12.415684921649879,
      -23.944978884908643,
      -33.782214484891746
    ],
    "foot_l": [
      21.491674462591366,
      -3.6093982772473,
      -0.7015388475085126
    ],
    "foot_r": [
      1.0863596059822889,
      -49.02796566437797,
      -17.81750951226172
    ],
    "neck_01": [
      28.925644381772248,
      36.927895879124726,
      -0.5541334295663121
    ],
    "upperarm_l": [
      31.743932336236554,
      -31.82784529124835,
      -40.05731660561868
    ],
    "upperarm_r": [
      2.770046652061817,
      -16.211681178863916,
      45.78796596387809
    ],
    "head": [
      -8.45190410203362,
      -9.054142953556624,
      -41.11722943986104
    ],
    "lowerarm_l": [
      -3.929741227825868,
      -27.420465978974367,
      -41.20684540493188
    ],
    "lowerarm_r": [
      9.103047744966021,
      40.90040807410982,
      40.17416994920737
    ],
    "hand_l": [
      16.46956142684866,
      -30.222044395557525,
      35.86539303836105
    ],
    "hand_r": [
      -18.35617055452978,
      19.22714302136031,
      -18.541447634692904
    ],
    "index_01_l": [
      24.83340137512696,
      4.52830016570126,
      -9.774813846565552
    ],
    "index_01_r": [
      30.293315428376772,
      -4.350979132332966,
      14.648236600966744
    ],
    "index_02_l": [
      25.239545660165632,
      -4.143384369928852,
      -31.078891399255596
    ],
    "index_02_r": [
      27.51296212208179,
      1.7617339758056956,
      28.34098136933847
    ],
    "index_03_l": [
      3.7370260309627037,
      9.594289809077576,
      -3.0319595007836506
    ],
    "index_03_r": [
      5.428734626927554,
      -13.412142899453745,
      4.466435619337762
    ],
    "middle_01_l": [
      17.574564554126397,
      3.8331921555042165,
      -34.68001633808898
    ],
    "middle_01_r": [
      19.50115870150979,
      -3.6014636619421614,
      27.76011727372053
    ],
    "middle_02_l": [
      37.722203829566304,
      5.193195570056543,
      -30.569788200901556
    ],
    "middle_02_r": [
      36.562858672834835,
      -1.748077290954697,
      36.279271966818776
    ],
    "middle_03_l": [
      2.0796154973519037,
      11.270986414404758,
      -3.981889770010905
    ],
    "middle_03_r": [
      1.976645997134387,
      -10.808500995234539,
      3.806691055474722
    ],
    "pinky_01_l": [
      4.566515459175825,
      13.627853563025294,
      -28.311440122190405
    ],
    "pinky_01_r": [
      8.85966822300006,
      -15.725722801780085,
      32.87592949262383
    ],
    "pinky_02_l": [
      27.16909995640244,
      10.458776685434923,
      -29.097933085914043
    ],
    "pinky_02_r": [
      26.237540400509392,
      -10.576180061466411,
      24.52897804185982
    ],
    "pinky_03_l": [
      -2.856617520775962,
      15.219103746818448,
      -4.527138063298956
    ],
    "pinky_03_r": [
      -2.884046564942677,
      -15.400873268923943,
      4.577780661650569
    ],
    "ring_01_l": [
      4.526934435822918,
      3.0852339134554794,
      -30.501876606793488
    ],
    "ring_01_r": [
      10.315167278926653,
      -4.89219173081196,
      33.795217589198685
    ],
    "ring_02_l": [
      37.70955928635037,
      4.847702891777232,
      -43.19251421709973
    ],
    "ring_02_r": [
      36.71873244041988,
      -6.030218383127296,
      37.19685737512235
    ],
    "ring_03_l": [
      1.3575481803253981,
      11.685701877823185,
      -4.437642262435902
    ],
    "ring_03_r": [
      1.2415031070609635,
      -10.939799382661828,
      4.140175694725895
    ],
    "thumb_01_l": [
      -7.102160143036763,
      15.096129312153117,
      2.4805772012192286
    ],
    "thumb_01_r": [
      -1.6302272193910687,
      -11.831571910420738,
      1.5128555493915006
    ],
    "thumb_02_l": [
      6.493607860723591,
      -0.9519047519391254,
      -5.736521480982301
    ],
    "thumb_02_r": [
      8.491592516864841,
      1.8132640263715523,
      9.19285272585312
    ],
    "thumb_03_l": [
      -2.869922169700036,
      -0.6552673484223414,
      -0.8716982277004786
    ],
    "thumb_03_r": [
      5.578641070835139,
      -1.4019675390373858,
      -1.6038374861226439
    ]
  },
  "modelRotation": [
    3.312729835363453,
    4.651104745747366,
    0
  ],
  "camera": {
    "posX": -0.3365479411279364,
    "posY": -1.0317025906777524,
    "posZ": 46.003026843070984,
    "targetX": -0.3365479411279364,
    "targetY": -1.031702590677755,
    "targetZ": 1.0030268430709839
  },
  "cameraParams": {
    "offset_x": 0.3365479411279364,
    "offset_y": -0.24693791797397835,
    "zoom": 1.37,
    "yaw_deg": 0,
    "pitch_deg": 0
  },
  "ikEffectorPositions": {
    "pelvis": [
      -0.13256234831649008,
      -0.6792163331929544,
      -0.03556107403066289
    ],
    "hand_l": [
      -1.6098589286773493,
      -1.670835063176195,
      1.7906476182196513
    ],
    "hand_r": [
      -1.632425124023084,
      -2.0837804921884966,
      0.6405538745348758
    ],
    "foot_l": [
      2.4972284776238745,
      6.322007414790838,
      0.9760262491105832
    ],
    "foot_r": [
      0.24283543205326796,
      -8.31135330334178,
      0.5477973208164035
    ],
    "head": [
      -4.408532945531678,
      1.0585940891982906,
      1.8708820245967912
    ],
    "upperarm_l": [
      -2.723467018220213,
      1.3858070061789438,
      1.5600462030476254
    ],
    "upperarm_r": [
      -4.4650814274079265,
      -0.5099187110069066,
      1.0853712029582208
    ]
  },
  "poleTargetPositions": {
    "leftArm": [
      -0.95965310596637,
      0.3758175642252919,
      1.8317611501294102
    ],
    "rightArm": [
      -3.401646139028534,
      -2.3273198090703087,
      -0.555140981730275
    ],
    "leftLeg": [
      0.8338063723827586,
      2.9041650751631485,
      0.9924437585465858
    ],
    "rightLeg": [
      -0.16250383054426815,
      -4.511540596775333,
      0.37465431017445167
    ]
  },
  "hipBonePosition": {
    "hips": [
      -0.13242968529099672,
      7.4980043494891,
      0.25063300649384357
    ]
  },
  "prompt": "",
  "_library": {
    "repository": "local_user_poses",
    "category": "Fighting",
    "tags": [
      "Fighting",
      "standing",
      "full body"
    ]
  }
}