{
  "bones": {
    "pelvis": [
      -110.3389700472664,
      -61.39746745940977,
      -92.57338459747837
    ],
    "spine_01": [
      -8.59049013072745,
      8.93541775863207,
      -10.375123165243489
    ],
    "spine_02": [
      6.3717150524947135,
      11.541840646550964,
      0.7537873502737384
    ],
    "spine_03": [
      2.1144745384552937,
      6.199744726792034,
      -0.06757322832703969
    ],
    "thigh_l": [
      -66.68034048807617,
      -19.874275486595028,
      26.81352056869734
    ],
    "thigh_r": [
      22.88420278649631,
      4.648102922757222,
      -4.1366150093838066
    ],
    "calf_l": [
      139.25822858123956,
      13.854369616428926,
      -13.068446524799882
    ],
    "calf_r": [
      17.60970371261495,
      -1.7029443134182416,
      7.450197732102509
    ],
    "clavicle_l": [
      -7.131187451474634,
      -19.127661112591166,
      4.20324390854371
    ],
    "clavicle_r": [
      20.080947350004845,
      -22.389833475227768,
      -37.54415833786807
    ],
    "foot_l": [
      26.057245052100143,
      -10.57810058440172,
      57.04773709584477
    ],
    "foot_r": [
      24.353998608971548,
      -1.9754145003863024,
      -42.562206499613815
    ],
    "neck_01": [
      31.193234214228852,
      17.489394104862885,
      -2.8367472635868913
    ],
    "upperarm_l": [
      -7.442969555228942,
      14.382660107193418,
      -37.02597091026192
    ],
    "upperarm_r": [
      -46.662669671175884,
      -0.11035068883154121,
      34.39906702134948
    ],
    "head": [
      -4.176478662511595,
      -1.4078747329854029,
      -8.267576118733638
    ],
    "lowerarm_l": [
      -40.51716340136974,
      -4.076494448200117,
      -34.27785101134836
    ],
    "lowerarm_r": [
      -66.89671214249044,
      23.10063641973061,
      79.06688476186402
    ],
    "hand_l": [
      13.04678639545451,
      -31.351602330816313,
      60.88832114670655
    ],
    "hand_r": [
      -6.673611622240668,
      36.889254472774525,
      -20.68783829213834
    ],
    "index_01_l": [
      45.134698790496955,
      -0.24927131418089543,
      -39.2942837948885
    ],
    "index_01_r": [
      32.7850620164205,
      -4.2517937138797866,
      17.351210811216678
    ],
    "index_02_l": [
      66.66408842652832,
      15.512403623110234,
      -42.2338679054792
    ],
    "index_02_r": [
      21.73053146774448,
      0.4771781953258169,
      20.331230334813636
    ],
    "index_03_l": [
      8.929708162095244,
      20.372433398802393,
      -7.523612639226302
    ],
    "index_03_r": [
      3.7873519818075794,
      -9.712436460768343,
      3.0741581334026464
    ],
    "middle_01_l": [
      37.858895750063496,
      3.878966800881939,
      -59.986966403569774
    ],
    "middle_01_r": [
      27.991842299680386,
      -5.225746874481632,
      42.00511745823116
    ],
    "middle_02_l": [
      75.42089826570395,
      25.69615520725768,
      -46.43803906350489
    ],
    "middle_02_r": [
      40.40228778179727,
      -8.449712060838529,
      28.602550272415353
    ],
    "middle_03_l": [
      6.134353775871119,
      25.24655982425602,
      -10.049076594549412
    ],
    "middle_03_r": [
      2.69453614807015,
      -13.887307693090271,
      4.997601498596978
    ],
    "pinky_01_l": [
      11.597892755421695,
      19.61875488948481,
      -57.95456360112682
    ],
    "pinky_01_r": [
      20.344664538352006,
      -20.614337094832333,
      64.30847924958135
    ],
    "pinky_02_l": [
      71.39836496614727,
      20.6576389511807,
      -51.88171863214641
    ],
    "pinky_02_r": [
      75.00799793056967,
      -25.249334866889374,
      49.77127054557431
    ],
    "pinky_03_l": [
      -5.143265926946925,
      37.8552645948741,
      -10.746676445678732
    ],
    "pinky_03_r": [
      -4.24155825488714,
      -26.06057305078351,
      7.488191338470816
    ],
    "ring_01_l": [
      25.574545549157286,
      9.834375717751353,
      -61.811879857038804
    ],
    "ring_01_r": [
      20.727754938261246,
      -9.000978084319991,
      49.69394265288196
    ],
    "ring_02_l": [
      86.96918881666508,
      23.358616195831758,
      -58.0243258754657
    ],
    "ring_02_r": [
      75.74394045907223,
      -16.01019202823539,
      56.47058971499113
    ],
    "ring_03_l": [
      4.2474956994604955,
      24.9093703893144,
      -10.291862988505025
    ],
    "ring_03_r": [
      4.012031303827353,
      -24.0791671420228,
      9.882071990023732
    ],
    "thumb_01_l": [
      8.448867284460164,
      16.734582006922246,
      5.650695142729505
    ],
    "thumb_01_r": [
      7.879558906679033,
      -15.929841063299714,
      -4.1776163583243875
    ],
    "thumb_02_l": [
      2.7680673890543503,
      -2.3935106578979335,
      -9.371656243014487
    ],
    "thumb_02_r": [
      1.9112254091933543,
      1.618137934457297,
      7.963666525038509
    ],
    "thumb_03_l": [
      -0.7510199239319082,
      -0.1759040651293033,
      -0.22521817424606919
    ],
    "thumb_03_r": [
      -0.033715110823609694,
      0.007959208311698373,
      0.010070598684373837
    ]
  },
  "modelRotation": [
    -1.233966320173261,
    -1.719244922027367,
    0
  ],
  "camera": {
    "posX": 0.8200343252410071,
    "posY": -1.6988891978786302,
    "posZ": 46.003026843070984,
    "targetX": 0.8200343252410071,
    "targetY": -1.698889197878633,
    "targetZ": 1.0030268430709839
  },
  "cameraParams": {
    "offset_x": -0.8200343252410071,
    "offset_y": 0.4202486892268995,
    "zoom": 1.6268740359822385,
    "yaw_deg": 0,
    "pitch_deg": 0
  },
  "ikEffectorPositions": {
    "pelvis": [
      0.12882949088088322,
      -0.6310765942509207,
      0.08238136306227456
    ],
    "hand_l": [
      -0.9497650695674587,
      2.485559404866564,
      2.0054026920146186
    ],
    "hand_r": [
      0.5192705313036555,
      3.458989629581682,
      -0.930471054618971
    ],
    "foot_l": [
      -0.8507756209250514,
      -1.6854638313656172,
      2.0517687496779313
    ],
    "foot_r": [
      0.4437088384298803,
      -7.435154730521511,
      0.7874448262795456
    ],
    "head": [
      2.100325480472497,
      3.9103057546076876,
      0.009377074544284353
    ],
    "upperarm_l": [
      1.9341924814435079,
      2.6353932593172327,
      1.199676275160463
    ],
    "upperarm_r": [
      2.235321520146507,
      3.126161741398005,
      -1.3798493174743838
    ]
  },
  "poleTargetPositions": {
    "leftArm": [
      0.5260879992589066,
      0.9297155778013344,
      1.7463613055175307
    ],
    "rightArm": [
      0.41425984912296343,
      2.454299637337326,
      -2.7009059023287407
    ],
    "leftLeg": [
      -2.808292103014393,
      0.9742618882037066,
      2.0588003684858913
    ],
    "rightLeg": [
      -0.5325091567279305,
      -4.323211172955168,
      -0.17960029761340524
    ]
  },
  "hipBonePosition": {
    "hips": [
      0.130834791815688,
      7.545436305587925,
      0.3225229826007694
    ]
  },
  "prompt": "",
  "_library": {
    "repository": "local_user_poses",
    "category": "Fighting",
    "tags": [
      "Fighting",
      "standing",
      "full body"
    ]
  }
}