{
  "bones": {
    "pelvis": [
      23.648976173024653,
      -20.421034254054817,
      5.255896115567597
    ],
    "spine_01": [
      -10.165122527377214,
      -1.0677940755970492,
      -1.6085948047525662
    ],
    "spine_02": [
      6.430429055049314,
      5.563138725077605,
      0.35951830129639645
    ],
    "spine_03": [
      2.0374450108890483,
      3.172812710035775,
      0.17278018363854858
    ],
    "thigh_l": [
      -36.35517956045575,
      -28.685241781074687,
      62.583044454182385
    ],
    "thigh_r": [
      -51.70823116680138,
      28.281239705980507,
      -47.05452601146999
    ],
    "calf_l": [
      74.33466354819912,
      12.621183457244305,
      -49.664397344676345
    ],
    "calf_r": [
      113.65890940429655,
      -13.025399788585416,
      46.37629105293113
    ],
    "clavicle_l": [
      -10.212587760757389,
      -25.81421472589396,
      13.979446758585281
    ],
    "clavicle_r": [
      1.3348467449154076,
      4.997816954986972,
      -40.89014675581236
    ],
    "foot_l": [
      -14.561819211483314,
      -12.551485243191447,
      -26.9969706486632
    ],
    "foot_r": [
      -26.728186577611577,
      19.200322689462986,
      16.02966631249254
    ],
    "neck_01": [
      38.20090462419945,
      0.28972913097149205,
      4.064034916021527
    ],
    "upperarm_l": [
      -51.311892205357296,
      31.621074517616716,
      -48.55365023109722
    ],
    "upperarm_r": [
      -77.14931408276551,
      -3.9752035239352654,
      46.60551383203775
    ],
    "head": [
      -47.20791102920151,
      7.454063875884394,
      5.755358054748341
    ],
    "lowerarm_l": [
      35.776046182245906,
      22.46591097690687,
      -10.118373740492554
    ],
    "lowerarm_r": [
      -8.110726102952892,
      24.271983057408114,
      34.55007906924715
    ],
    "hand_l": [
      -33.891309718850394,
      -9.307242214929733,
      49.395051051472194
    ],
    "hand_r": [
      -21.352319568089083,
      7.299394548604741,
      -47.92665211829638
    ],
    "index_01_l": [
      13.829142955662414,
      9.429673097799245,
      10.575192946118744
    ],
    "index_01_r": [
      3.3047676918005235,
      -10.423432803048945,
      -12.008089707088228
    ],
    "index_02_l": [
      28.546273980825944,
      -10.546202177038065,
      -47.589601760592686
    ],
    "index_02_r": [
      15.223552341944874,
      4.639612878803251,
      23.036365749110605
    ],
    "index_03_l": [
      8.645628964822215,
      19.851690767994878,
      -7.271798937197833
    ],
    "index_03_r": [
      4.7636946217942615,
      -11.948591378111113,
      3.898683026304298
    ],
    "middle_01_l": [
      4.31337918021087,
      0.3730793894668687,
      -6.7837802890493375
    ],
    "middle_01_r": [
      5.703901376267497,
      0.04820774738910113,
      -1.841539455541433
    ],
    "middle_02_l": [
      42.59785946963694,
      -4.392537370555603,
      -55.63496920377448
    ],
    "middle_02_r": [
      56.514333358335314,
      10.298799425869511,
      70.17270283738794
    ],
    "middle_03_l": [
      5.316405322650902,
      22.936545830031015,
      -8.917683165526961
    ],
    "middle_03_r": [
      7.283306754651978,
      -28.185835374711072,
      11.588533584533346
    ],
    "pinky_01_l": [
      -7.862908074001452,
      1.1408793828472805,
      -1.9814197855134803
    ],
    "pinky_01_r": [
      33.20486561717061,
      -21.205312937003097,
      70.82598585171688
    ],
    "pinky_02_l": [
      27.0336115077811,
      8.410250612094876,
      -59.00981676177614
    ],
    "pinky_02_r": [
      91.49500671554783,
      -34.904851438137705,
      53.74167395781016
    ],
    "pinky_03_l": [
      -4.428167089401862,
      27.925839430338428,
      -7.993626771412868
    ],
    "pinky_03_r": [
      -5.148874684031948,
      -37.97781776168139,
      10.781860599949502
    ],
    "ring_01_l": [
      -3.6564970816253033,
      -3.7003495827645363,
      -6.795496090963733
    ],
    "ring_01_r": [
      9.343414375762936,
      -4.600675306122028,
      34.62285124045063
    ],
    "ring_02_l": [
      44.6302351026982,
      -1.3756514747497806,
      -68.54329364975595
    ],
    "ring_02_r": [
      78.78618191336396,
      -0.9722073600281599,
      72.0807466249782
    ],
    "ring_03_l": [
      3.585247340574743,
      22.493328034114008,
      -9.11856545114862
    ],
    "ring_03_r": [
      5.5434592336986785,
      -29.007250169782118,
      12.430530641716198
    ],
    "thumb_01_l": [
      -9.338110568213306,
      9.1840605749946,
      -4.8288793555125125
    ],
    "thumb_01_r": [
      19.024363581624616,
      -13.115545908182156,
      -0.44683185498127587
    ],
    "thumb_02_l": [
      6.52806125265014,
      -12.47654395733207,
      -21.620507280233856
    ],
    "thumb_02_r": [
      -4.8488232635841495,
      9.473394354387953,
      18.355713701117956
    ],
    "thumb_03_l": [
      7.962583402743697,
      2.0504427936134744,
      2.249466571673118
    ],
    "thumb_03_r": [
      2.94907121569878,
      -0.7205181619211002,
      -0.8634705209469095
    ]
  },
  "modelRotation": [
    1.1884131903747261,
    -0.43974675880885766,
    0
  ],
  "camera": {
    "posX": 0.23721819750137144,
    "posY": 0.01089685487091372,
    "posZ": 46.003026843070984,
    "targetX": 0.23721819750137144,
    "targetY": 0.010896854870910966,
    "targetZ": 1.0030268430709839
  },
  "cameraParams": {
    "offset_x": -0.23721819750137144,
    "offset_y": -1.2895373635226444,
    "zoom": 2.06,
    "yaw_deg": 0,
    "pitch_deg": 0
  },
  "ikEffectorPositions": {
    "pelvis": [
      0.033116087749259365,
      -0.5862718365544737,
      0.01740221013429888
    ],
    "hand_l": [
      -1.0079221363803645,
      -0.006747569409927046,
      4.354794123923843
    ],
    "hand_r": [
      -0.30323635433655505,
      2.330642359752279,
      4.288139907729943
    ],
    "foot_l": [
      3.6626920627818187,
      -4.8129133855456345,
      1.8255162784788457
    ],
    "foot_r": [
      -2.331724846396661,
      -4.119665595010879,
      -0.9313782601653422
    ],
    "head": [
      -0.44696351577325744,
      3.628101759448542,
      2.4011108311090057
    ],
    "upperarm_l": [
      0.9657571488350066,
      2.797812256294302,
      2.1956811441477426
    ],
    "upperarm_r": [
      -1.4098607720975496,
      3.4450160681445867,
      1.3998740697741163
    ]
  },
  "poleTargetPositions": {
    "leftArm": [
      0.13768625067088905,
      0.7640007291023307,
      2.9758226145531426
    ],
    "rightArm": [
      -2.1430137234928353,
      2.046889444403214,
      3.0832335702711173
    ],
    "leftLeg": [
      2.5693861831725053,
      -1.8293366699502496,
      3.1176264372685143
    ],
    "rightLeg": [
      -3.7817551186289413,
      -1.750490578985687,
      1.0615729960771856
    ]
  },
  "hipBonePosition": {
    "hips": [
      0.03334196776165499,
      7.592355837788789,
      0.2869499749537411
    ]
  },
  "prompt": "",
  "_library": {
    "repository": "local_user_poses",
    "category": "Fighting",
    "tags": [
      "Fighting",
      "standing",
      "full body"
    ]
  }
}