{
  "bones": {
    "pelvis": [
      3.057949894442939,
      -4.528313230529189,
      -3.4705453592260427
    ],
    "spine_01": [
      -13.982967764093521,
      -2.1099043478101582,
      -0.8077913864762478
    ],
    "spine_02": [
      3.4408185895964634,
      3.5413725393491933,
      0.6573075901019725
    ],
    "spine_03": [
      11.420390539062602,
      0.8974984939215568,
      -0.014393119047365944
    ],
    "thigh_l": [
      -4.461830853232756,
      -6.683834721367769,
      11.214293778434582
    ],
    "thigh_r": [
      -7.980428145962241,
      -4.586837554185566,
      2.6245176105312176
    ],
    "calf_l": [
      4.2869024910920475,
      -0.5987684079400043,
      2.8671753424334225
    ],
    "calf_r": [
      1.6459172176744326,
      0.7814738561245679,
      -3.124494590578201
    ],
    "clavicle_l": [
      -0.40553018063005375,
      3.9504867074605152,
      21.81415306185704
    ],
    "clavicle_r": [
      9.311927699507663,
      -6.536929730735568,
      -25.460419558541034
    ],
    "foot_l": [
      0.09605804268368574,
      9.560620632536587,
      -6.509909047304132
    ],
    "foot_r": [
      4.868667542565457,
      11.253593773612048,
      5.907694689536013
    ],
    "neck_01": [
      24.34697439479459,
      -0.968992346825251,
      0.41305817863254085
    ],
    "upperarm_l": [
      9.073907854177726,
      30.127007523171716,
      -57.73251133512672
    ],
    "upperarm_r": [
      11.672640088598522,
      16.957103575535612,
      24.914599156849338
    ],
    "head": [
      -30.30810328804238,
      -0.5369798487881533,
      7.219946868832846
    ],
    "lowerarm_l": [
      16.666943121311366,
      2.5994301466452736,
      -8.173858704140535
    ],
    "lowerarm_r": [
      -21.62637268939617,
      27.974462611985242,
      47.52125691807495
    ],
    "hand_l": [
      19.44907761640298,
      20.59637445348296,
      19.81177782462621
    ],
    "hand_r": [
      12.260325784369948,
      48.676451287474165,
      -54.127310943844755
    ],
    "index_01_l": [
      4.535120629135111,
      8.248894910509781,
      9.456124173187135
    ],
    "index_01_r": [
      -9.380043432911608,
      -22.44828266935818,
      -51.002060649098354
    ],
    "index_02_l": [
      -9.086230939278071,
      -2.37494390395288,
      24.37854119661719
    ],
    "index_02_r": [
      6.619353410052732,
      8.652197498500934,
      35.60716948250016
    ],
    "index_03_l": [
      -5.158759220029621,
      -15.907131726594255,
      3.7110778503969675
    ],
    "index_03_r": [
      4.881372305023838,
      -12.211036843530483,
      3.998790217130685
    ],
    "middle_01_l": [
      7.442662703913929,
      -0.3109034242538749,
      -0.9742006045677022
    ],
    "middle_01_r": [
      8.706753466447257,
      -1.8371562145198008,
      -36.98942260106615
    ],
    "middle_02_l": [
      4.101709653290087,
      -6.8238010736659325,
      16.874600422710692
    ],
    "middle_02_r": [
      19.09696746766277,
      7.733489526876362,
      67.3748116184156
    ],
    "middle_03_l": [
      -1.6831142768109069,
      -16.37242966932565,
      5.202084064990064
    ],
    "middle_03_r": [
      1.6340275095493932,
      -9.212913485601971,
      3.2114734895441703
    ],
    "pinky_01_l": [
      3.9731919687328014,
      -2.0604369010060415,
      9.56032586015216
    ],
    "pinky_01_r": [
      -5.887109545186159,
      -3.2886500929441427,
      6.914057438668373
    ],
    "pinky_02_l": [
      6.0382797889296915,
      -6.0617278120960885,
      5.96287910722247
    ],
    "pinky_02_r": [
      8.052579086554205,
      7.313388340425275,
      -11.784565450860134
    ],
    "pinky_03_l": [
      1.4709152991382495,
      -5.964408594587855,
      2.014138555783848
    ],
    "pinky_03_r": [
      1.4201467388947429,
      5.7734508753076135,
      -1.9466968088819312
    ],
    "ring_01_l": [
      6.721981667261071,
      -4.2851565964801015,
      -2.2333633790374243
    ],
    "ring_01_r": [
      -0.34581959096305,
      8.188202018611259,
      -26.31566314631513
    ],
    "ring_02_l": [
      5.750800181647536,
      -7.944814295441663,
      0.2666667246603108
    ],
    "ring_02_r": [
      1.3033093037744765,
      0.544214981563415,
      36.73688596277323
    ],
    "ring_03_l": [
      -0.46055675546824265,
      -10.838031008812116,
      3.9182325552640913
    ],
    "ring_03_r": [
      0.254511087754198,
      -2.9512575817224933,
      1.0852542265107106
    ],
    "thumb_01_l": [
      5.242405938295605,
      14.736352520523551,
      6.5014934217867575
    ],
    "thumb_01_r": [
      21.93468246868431,
      -8.415277542270434,
      1.6303523915199298
    ],
    "thumb_02_l": [
      -0.3800908308415439,
      3.7418382675931228,
      -2.0876613789618315
    ],
    "thumb_02_r": [
      0.45776950474694456,
      -0.41598033900018694,
      10.815185881856117
    ],
    "thumb_03_l": [
      -4.92700393805799,
      -1.0963353745779911,
      -1.5142586462581737
    ],
    "thumb_03_r": [
      3.8482669508925444,
      -0.9494730285209161,
      -1.1198714547897655
    ]
  },
  "modelRotation": [
    0,
    0,
    0
  ],
  "camera": {
    "posX": 0.27961956902316587,
    "posY": -1.6641290618302227,
    "posZ": 46.003026843070984,
    "targetX": 0.27961956902316587,
    "targetY": -1.6641290618302254,
    "targetZ": 1.003026843070984
  },
  "cameraParams": {
    "offset_x": -0.2796195690231658,
    "offset_y": 0.38548855317849173,
    "zoom": 1.61,
    "yaw_deg": 0,
    "pitch_deg": 0
  },
  "ikEffectorPositions": {
    "pelvis": [
      0,
      -0.8161652684211731,
      0.13943606615066528
    ],
    "hand_l": [
      2.1938292964160215,
      -0.7554841387623201,
      0.8345071318417533
    ],
    "hand_r": [
      -1.6788263610740244,
      0.4399161604412569,
      0.2966558875970191
    ],
    "foot_l": [
      2.539320026735686,
      -7.535356271462664,
      0.4429155648204413
    ],
    "foot_r": [
      -1.8378380210329912,
      -7.567480770667574,
      0.41469365192941027
    ],
    "head": [
      0.30754267362999416,
      4.110730325812361,
      0.863893504936392
    ],
    "upperarm_l": [
      1.6164384567773356,
      3.0457824608146473,
      0.1852280583345787
    ],
    "upperarm_r": [
      -1.0265532945922509,
      3.330290232879274,
      0.09566778315604502
    ]
  },
  "poleTargetPositions": {
    "leftArm": [
      1.5928244902800233,
      0.8546203822489222,
      -0.08074881582880664
    ],
    "rightArm": [
      -2.207042559071218,
      1.788426880963,
      -0.44355706980130993
    ],
    "leftLeg": [
      1.159850500951841,
      -4.013868860962068,
      0.5886434249919992
    ],
    "rightLeg": [
      -0.900144406617166,
      -3.9927833363865366,
      0.5162711910755108
    ]
  },
  "hipBonePosition": {
    "hips": [
      0,
      7.361975371837616,
      0.39708319306373596
    ]
  },
  "prompt": "",
  "_library": {
    "repository": "local_user_poses",
    "category": "Standing",
    "tags": [
      "standing",
      "rest",
      "relaxed",
      "posing"
    ]
  }
}