{
  "bones": {
    "pelvis": [
      0.3550281570782371,
      -20.57833714660806,
      -5.127443322013752
    ],
    "spine_01": [
      -13.948110155202473,
      0.6780575681861917,
      -1.8619009749331878
    ],
    "spine_02": [
      3.447167565775314,
      2.9372148525296544,
      0.5449503303431238
    ],
    "spine_03": [
      11.42168833457665,
      -3.1728278304879787,
      0.050930327525476556
    ],
    "thigh_l": [
      -1.9866811675228915,
      -9.355823017981802,
      14.924016339228716
    ],
    "thigh_r": [
      -10.133632804292862,
      -17.99840859664447,
      20.03878682303578
    ],
    "calf_l": [
      2.5677405908820217,
      -0.2941643422706143,
      0.8843633403966926
    ],
    "calf_r": [
      0.781599207697478,
      1.1672844399163789,
      -4.7309892057203005
    ],
    "clavicle_l": [
      0.38384817221543494,
      1.5478618959274035,
      29.76043016582542
    ],
    "clavicle_r": [
      2.088474519905714,
      -7.162915987552295,
      -18.709658604235255
    ],
    "foot_l": [
      11.1886294331236,
      39.35353291406782,
      -11.147542824703773
    ],
    "foot_r": [
      27.882716456923763,
      17.35163362448402,
      -1.2092383306615837
    ],
    "neck_01": [
      28.83091878766723,
      16.34522253701189,
      -7.163037563414473
    ],
    "upperarm_l": [
      12.182481426578464,
      33.85432545595674,
      -58.22434319578524
    ],
    "upperarm_r": [
      -6.873932043555992,
      -13.689418396606662,
      49.23072481586307
    ],
    "head": [
      -23.307985978172255,
      -0.8318505724883107,
      6.43488327781864
    ],
    "lowerarm_l": [
      24.586660504460806,
      8.783171865911392,
      -5.181826664203625
    ],
    "lowerarm_r": [
      22.36703381909458,
      -5.796026658538288,
      7.041528671986085
    ],
    "hand_l": [
      5.304807381687585,
      15.864425248008313,
      38.11627025985993
    ],
    "hand_r": [
      6.7489724495774235,
      -3.1504221808226007,
      -34.3616395352654
    ],
    "index_01_l": [
      21.09191439828882,
      5.918067263613394,
      -1.9634077081385235
    ],
    "index_01_r": [
      14.250169729817118,
      -14.277207662975425,
      -25.38036431481318
    ],
    "index_02_l": [
      -7.193121424542485,
      -3.073469071409524,
      16.787743739097753
    ],
    "index_02_r": [
      -7.390051481993289,
      2.994070306369839,
      -18.80908368357838
    ],
    "index_03_l": [
      -3.047660490880392,
      -9.045713014028033,
      2.278308415638658
    ],
    "index_03_r": [
      -2.704148095791787,
      7.972873216532968,
      -2.0326885546843556
    ],
    "middle_01_l": [
      13.882905872808898,
      2.960337120396007,
      -30.22692284495185
    ],
    "middle_01_r": [
      11.05261181241916,
      0.00788372486632743,
      -8.57473686938654
    ],
    "middle_02_l": [
      11.854737426846098,
      -3.421945262066906,
      -2.8180252160982926
    ],
    "middle_02_r": [
      4.0342679894837,
      6.901143371350249,
      -7.34161513843621
    ],
    "middle_03_l": [
      -1.1732174125653674,
      -9.714386714874873,
      3.1219892638526257
    ],
    "middle_03_r": [
      -1.435745169983465,
      12.760319701478675,
      -4.074993167969404
    ],
    "pinky_01_l": [
      -6.803338157431939,
      0.005218034138501731,
      0.6939841233646794
    ],
    "pinky_01_r": [
      -7.4925085256011,
      -8.238122216820061,
      18.156363078879767
    ],
    "pinky_02_l": [
      7.247643409367289,
      -4.994345480967249,
      5.350997767561254
    ],
    "pinky_02_r": [
      8.951961896388116,
      8.239025363741515,
      -17.063774453677173
    ],
    "pinky_03_l": [
      1.6754353057773015,
      -6.7238565992246775,
      2.284472991341822
    ],
    "pinky_03_r": [
      1.391761340409954,
      5.666309461369446,
      -1.9089552267694536
    ],
    "ring_01_l": [
      2.463670556580435,
      2.242788424904139,
      -29.64818572142699
    ],
    "ring_01_r": [
      3.079975363663154,
      3.7374740983980863,
      7.130619776371412
    ],
    "ring_02_l": [
      26.59709968117445,
      3.1580981786496904,
      -31.88509801979601
    ],
    "ring_02_r": [
      6.9750335271071515,
      10.193006961124542,
      -14.682410229059721
    ],
    "ring_03_l": [
      0.037814840281169666,
      0.4833535813005713,
      -0.17667210961704993
    ],
    "ring_03_r": [
      -0.4378524517371535,
      9.171304057900329,
      -3.3152764945587356
    ],
    "thumb_01_l": [
      15.844522997158512,
      17.430590419865094,
      10.630121145843564
    ],
    "thumb_01_r": [
      17.317083809169223,
      -16.134925590048272,
      -8.290866242309388
    ],
    "thumb_02_l": [
      12.515584743474218,
      2.5480559379026055,
      -6.084857839423576
    ],
    "thumb_02_r": [
      11.91242128704026,
      3.222347320026246,
      14.370043586526391
    ],
    "thumb_03_l": [
      -0.5162646640329832,
      -0.12126140403747321,
      -0.15459513500080482
    ],
    "thumb_03_r": [
      -2.3139363821530057,
      0.5319239622824559,
      0.7005115295051169
    ]
  },
  "modelRotation": [
    0,
    0,
    0
  ],
  "camera": {
    "posX": 0.04234141918805266,
    "posY": -1.7391119963177912,
    "posZ": 46.003026843070984,
    "targetX": 0.04234141918805266,
    "targetY": -1.739111996317794,
    "targetZ": 1.0030268430709839
  },
  "cameraParams": {
    "offset_x": -0.04234141918805266,
    "offset_y": 0.4604714876660604,
    "zoom": 1.56,
    "yaw_deg": 0,
    "pitch_deg": 0
  },
  "ikEffectorPositions": {
    "pelvis": [
      0,
      -0.8161652684211731,
      0.13943606615066528
    ],
    "hand_l": [
      2.4575568713535754,
      -0.7683164075972544,
      1.2205410731425945
    ],
    "hand_r": [
      -2.294203367756465,
      -0.35305247884249535,
      0.14011887958802682
    ],
    "foot_l": [
      2.3612250727955444,
      -7.536685311053666,
      1.4326472195874702
    ],
    "foot_r": [
      -0.6136815804834752,
      -7.390540188356514,
      1.5245157593966114
    ],
    "head": [
      0.576618141640258,
      4.052088584370387,
      0.8577310753205113
    ],
    "upperarm_l": [
      1.7343508416895097,
      3.1032009671444563,
      0.622878920379117
    ],
    "upperarm_r": [
      -0.7090744016394268,
      3.2284703928871035,
      -0.4147486166960117
    ]
  },
  "poleTargetPositions": {
    "leftArm": [
      1.904059140706644,
      0.9062238313065041,
      0.4269299961270902
    ],
    "rightArm": [
      -1.1696233557863702,
      1.0339107636600289,
      -0.5081474923692445
    ],
    "leftLeg": [
      1.0642190369300524,
      -3.992821587461512,
      1.0148428443002442
    ],
    "rightLeg": [
      -0.38531352260409213,
      -3.8529381724130354,
      1.0173193210468399
    ]
  },
  "hipBonePosition": {
    "hips": [
      0,
      7.361975371837616,
      0.39708319306373596
    ]
  },
  "prompt": "",
  "_library": {
    "repository": "local_user_poses",
    "category": "Standing",
    "tags": [
      "standing",
      "rest",
      "relaxed",
      "posing"
    ]
  }
}