{
  "bones": {
    "pelvis": [
      0.8807028828887963,
      1.0057971440588556,
      -0.9794266187816391
    ],
    "spine_01": [
      -13.962539339218525,
      -0.9502103643783055,
      -0.10497395074997735
    ],
    "spine_02": [
      3.4578978113640013,
      1.4153035633668158,
      0.2624058620683638
    ],
    "spine_03": [
      8.670352564036923,
      -2.3026943464750644,
      2.3076355237291817
    ],
    "thigh_l": [
      -13.446348575476867,
      7.311948781436103,
      -5.110236986595616
    ],
    "thigh_r": [
      -8.233099007060142,
      -8.062173743517269,
      6.821423714707913
    ],
    "calf_l": [
      4.453859049265892,
      -1.7797070928827425,
      8.226852984371776
    ],
    "calf_r": [
      2.6021134594551163,
      0.8637440148667946,
      -3.737832498446179
    ],
    "clavicle_l": [
      0.9572039462778337,
      10.851703629017203,
      28.9239319735865
    ],
    "clavicle_r": [
      -55.47598903303471,
      19.465664251511175,
      -20.79658167810523
    ],
    "foot_l": [
      7.066074615949145,
      -17.66637530860798,
      -0.8467931981965655
    ],
    "foot_r": [
      7.950575690622679,
      11.78700246360886,
      1.1580633871339927
    ],
    "neck_01": [
      -16.430164150322877,
      -8.963560001167659,
      -0.11844415159742516
    ],
    "upperarm_l": [
      12.8674705329583,
      30.788521201590772,
      -69.43254426291719
    ],
    "upperarm_r": [
      76.68258628791193,
      20.317658176677025,
      46.03453905462763
    ],
    "head": [
      17.817359124719392,
      7.54004830658499,
      2.8587387224441287
    ],
    "lowerarm_l": [
      28.54023099972943,
      2.220418159634941,
      -13.361351848154762
    ],
    "lowerarm_r": [
      -88.73328164164123,
      13.468323056127522,
      88.46530813192479
    ],
    "hand_l": [
      9.421318096852927,
      11.134699426614445,
      31.319884910128874
    ],
    "hand_r": [
      23.396657461582073,
      13.508844892361585,
      4.031923433172983
    ],
    "index_01_l": [
      22.319130432756257,
      6.013855843051865,
      -0.2813465707686191
    ],
    "index_01_r": [
      28.824249048536466,
      -8.384512191389828,
      -7.988644601566781
    ],
    "index_02_l": [
      32.24813826494115,
      -9.67145601451981,
      -47.55850351494469
    ],
    "index_02_r": [
      0.79898530778198,
      6.541539696815999,
      18.874576817243767
    ],
    "index_03_l": [
      8.550995588388028,
      19.676585645292516,
      -7.188045481187255
    ],
    "index_03_r": [
      -0.655913443716202,
      1.854894579114181,
      -0.5076955324029468
    ],
    "middle_01_l": [
      8.448471692125988,
      0.06863079839568764,
      -8.79994814716385
    ],
    "middle_01_r": [
      15.955692456935957,
      -1.4156771091545988,
      14.494600314847156
    ],
    "middle_02_l": [
      51.16482922857122,
      -9.879107471038758,
      -69.1460395542731
    ],
    "middle_02_r": [
      16.40448046378512,
      3.8855624814544134,
      27.056606612346442
    ],
    "middle_03_l": [
      7.722268333804155,
      29.22626303446086,
      -12.16374489522249
    ],
    "middle_03_r": [
      -0.13181958970700597,
      0.905639788440346,
      -0.2995410896833152
    ],
    "pinky_01_l": [
      -5.831698418691572,
      4.101243728868101,
      -9.160758885586697
    ],
    "pinky_01_r": [
      -15.561758148182136,
      -6.693943758018266,
      17.98249629226215
    ],
    "pinky_02_l": [
      20.891359616390947,
      9.162639969523836,
      -43.91073299348406
    ],
    "pinky_02_r": [
      10.050950875922481,
      -1.7482106906165464,
      10.393052393355243
    ],
    "pinky_03_l": [
      -4.07464770178439,
      24.5092990054548,
      -7.068325408387758
    ],
    "pinky_03_r": [
      -0.19047915643969893,
      -0.845256665387171,
      0.2716350413304248
    ],
    "ring_01_l": [
      2.4816927426438573,
      -2.3895917617540707,
      -14.885658590215519
    ],
    "ring_01_r": [
      0.10729631330503862,
      3.1897303186311965,
      11.573633123350495
    ],
    "ring_02_l": [
      45.473620518183694,
      -2.5271049010319753,
      -75.34317277121663
    ],
    "ring_02_r": [
      12.286352505302737,
      1.2373871311160545,
      29.28645071452916
    ],
    "ring_03_l": [
      5.285897335201314,
      28.249370568867445,
      -12.019189587250242
    ],
    "ring_03_r": [
      0.07092296303898289,
      -0.8915686673325298,
      0.3261736695192261
    ],
    "thumb_01_l": [
      7.894441323992813,
      11.343414322015144,
      1.5789610122471138
    ],
    "thumb_01_r": [
      5.232992827238195,
      -11.881551224351096,
      -2.2369015765604225
    ],
    "thumb_02_l": [
      2.848259342366669,
      4.94181371082165,
      -1.4615466427145452
    ],
    "thumb_02_r": [
      0.39212944759831325,
      -4.16766022655541,
      1.482285441234928
    ],
    "thumb_03_l": [
      4.43170152847569,
      1.1003053429559633,
      1.2844607310365634
    ],
    "thumb_03_r": [
      -7.732854823019448,
      1.6585516285878967,
      2.4128999948805485
    ]
  },
  "modelRotation": [
    0,
    0,
    0
  ],
  "camera": {
    "posX": 0,
    "posY": -1.2786405086517307,
    "posZ": 46.003026843070984,
    "targetX": 0,
    "targetY": -1.2786405086517334,
    "targetZ": 1.0030268430709839
  },
  "cameraParams": {
    "offset_x": 0,
    "offset_y": 0,
    "zoom": 1.66,
    "yaw_deg": 0,
    "pitch_deg": 0
  },
  "ikEffectorPositions": {
    "pelvis": [
      0,
      -0.8046296238899231,
      0.13507115840911865
    ],
    "hand_l": [
      1.5919336293168587,
      -0.7169685247012254,
      0.5028958561229073
    ],
    "hand_r": [
      -1.0839953782471512,
      2.1531713630819374,
      0.6514595934977747
    ],
    "foot_l": [
      1.0726232637922672,
      -7.541638203797627,
      1.1161500332168968
    ],
    "foot_r": [
      -0.8229585501746576,
      -7.586875758767423,
      0.7095959499118982
    ],
    "head": [
      -0.1170415391170805,
      4.0500185998924305,
      -0.2322783807714382
    ],
    "upperarm_l": [
      1.1432882220665364,
      2.92126079404271,
      -0.28115862393026286
    ],
    "upperarm_r": [
      -1.236208396287932,
      2.904443317693766,
      -0.07985907213480864
    ]
  },
  "poleTargetPositions": {
    "leftArm": [
      1.273965645839949,
      0.8933488456399377,
      -0.2935128551075809
    ],
    "rightArm": [
      -1.3822062149124077,
      1.1673381289869253,
      1.098383090695648
    ],
    "leftLeg": [
      0.4350587468779928,
      -3.962621558854215,
      1.012657418669014
    ],
    "rightLeg": [
      -0.4212636375107609,
      -4.012807645503536,
      0.750942751423876
    ]
  },
  "hipBonePosition": {
    "hips": [
      0,
      7.361975371837616,
      0.39708319306373596
    ]
  },
  "prompt": "",
  "_library": {
    "repository": "local_user_poses",
    "category": "Standing",
    "tags": [
      "standing",
      "rest",
      "relaxed",
      "posing"
    ]
  }
}