{
  "bones": {
    "pelvis": [
      -4.300514268145571,
      -27.82840968102729,
      -4.514286624591757
    ],
    "spine_01": [
      -13.872762028601294,
      -4.912495203242293,
      0.5105043822298123
    ],
    "spine_02": [
      3.4559268704522452,
      1.7946214823757594,
      0.33277553820052347
    ],
    "spine_03": [
      11.420382893956337,
      0.8665344268792835,
      -0.013896473430825848
    ],
    "thigh_l": [
      7.308026306769326,
      2.5624688368038755,
      -0.6677598606341946
    ],
    "thigh_r": [
      2.978748117558903,
      -9.346060035936567,
      8.877173247290804
    ],
    "calf_l": [
      -5.325364398245381,
      -0.48450497525021297,
      0.2204864236272117
    ],
    "calf_r": [
      -1.87340819810728,
      0.481597362378564,
      -0.8604348386454421
    ],
    "clavicle_l": [
      -2.1596931060925573,
      2.7041615621233785,
      24.19478558700066
    ],
    "clavicle_r": [
      12.940981802842972,
      1.8081301365561606,
      -19.64881077917496
    ],
    "foot_l": [
      -9.867429337970275,
      12.738802487251718,
      13.150310913465493
    ],
    "foot_r": [
      -5.893979736504591,
      1.250210711637794,
      -3.8650019026114397
    ],
    "neck_01": [
      23.153600166654133,
      13.486900224468588,
      -13.973109733470073
    ],
    "upperarm_l": [
      8.385802609078473,
      1.6159785052836348,
      -50.433514316374115
    ],
    "upperarm_r": [
      -6.030166669620769,
      10.287208187685332,
      27.12913872359998
    ],
    "head": [
      -15.395562939467558,
      14.014164994353763,
      7.053188048275596
    ],
    "lowerarm_l": [
      42.27711295869517,
      -31.740496945091863,
      -14.77057665129618
    ],
    "lowerarm_r": [
      9.830076198341251,
      30.442930274564404,
      38.906046007337096
    ],
    "hand_l": [
      91.07093909143038,
      15.309807797590393,
      20.498799645574188
    ],
    "hand_r": [
      93.16059640373756,
      -9.725513532167657,
      -50.13323207132522
    ],
    "index_01_l": [
      30.228455824321365,
      1.6333512201882303,
      -21.100984444181698
    ],
    "index_01_r": [
      29.119413092053104,
      -10.032464289993912,
      -10.864660916542885
    ],
    "index_02_l": [
      36.13808051860461,
      -1.7504741253474372,
      -35.57151171686211
    ],
    "index_02_r": [
      -1.010429632613757,
      5.620489390855151,
      10.034242378754056
    ],
    "index_03_l": [
      8.438149990873786,
      19.46668267952582,
      -7.088260871707741
    ],
    "index_03_r": [
      -1.9317420894328308,
      5.608723113995316,
      -1.469207106255512
    ],
    "middle_01_l": [
      19.102083322747504,
      3.785334387198432,
      -40.740639696978235
    ],
    "middle_01_r": [
      22.60156219991965,
      -2.8735653501220324,
      15.10658841064174
    ],
    "middle_02_l": [
      49.90069846933499,
      6.447206033975027,
      -41.084687327913976
    ],
    "middle_02_r": [
      27.50676855754155,
      2.2913477517380003,
      37.469433222554386
    ],
    "middle_03_l": [
      5.946582151082737,
      24.733512671352056,
      -9.792222771201944
    ],
    "middle_03_r": [
      0.1318099072575049,
      -0.8739055685547766,
      0.29127269533397887
    ],
    "pinky_01_l": [
      3.4761306331726325,
      5.948979255489562,
      -9.656739987825121
    ],
    "pinky_01_r": [
      22.60344026998493,
      -21.51324778319949,
      59.726038059103516
    ],
    "pinky_02_l": [
      59.80179028355539,
      -0.7339216758605543,
      -77.10771256925374
    ],
    "pinky_02_r": [
      25.466315657613453,
      -12.881789827728445,
      6.444352326575668
    ],
    "pinky_03_l": [
      -5.302522119243,
      46.406649884273705,
      -13.339685082005625
    ],
    "pinky_03_r": [
      -0.2524235999197569,
      -1.1241270281938747,
      0.3605814833556946
    ],
    "ring_01_l": [
      4.49621982185325,
      3.0047256279600636,
      -31.324981167867914
    ],
    "ring_01_r": [
      30.390704451533605,
      -10.60299851558285,
      55.72121450317464
    ],
    "ring_02_l": [
      68.05729088160555,
      5.505335397763916,
      -64.77911512427161
    ],
    "ring_02_r": [
      79.59023005255256,
      -19.093825471585696,
      56.61343973646639
    ],
    "ring_03_l": [
      6.0286374386579915,
      30.369305525009334,
      -13.189959890850814
    ],
    "ring_03_r": [
      0.3243760582497159,
      -3.662340902270235,
      1.3494111984166217
    ],
    "thumb_01_l": [
      -13.059300640813985,
      14.4074136721314,
      5.289891260613469
    ],
    "thumb_01_r": [
      6.820033785200117,
      -13.727983429063844,
      -4.9049493616536655
    ],
    "thumb_02_l": [
      6.300954748976468,
      -0.4015699812044195,
      -7.128477629555222
    ],
    "thumb_02_r": [
      -2.876085960390462,
      -4.333232729009642,
      0.37088428207650126
    ],
    "thumb_03_l": [
      -11.10610520180113,
      -2.272993041637898,
      -3.524358992901965
    ],
    "thumb_03_r": [
      -7.908924529034608,
      1.692295089652816,
      2.470107001384761
    ]
  },
  "modelRotation": [
    0,
    0,
    0
  ],
  "camera": {
    "posX": 0,
    "posY": -1.2786405086517307,
    "posZ": 46.003026843070984,
    "targetX": 0,
    "targetY": -1.2786405086517334,
    "targetZ": 1.0030268430709839
  },
  "cameraParams": {
    "offset_x": 0,
    "offset_y": 0,
    "zoom": 1.7,
    "yaw_deg": 0,
    "pitch_deg": 0
  },
  "ikEffectorPositions": {
    "pelvis": [
      0,
      -0.8046296238899231,
      0.13507115840911865
    ],
    "hand_l": [
      0.8967862014204208,
      -0.7490703976886852,
      0.2927273907504286
    ],
    "hand_r": [
      -1.3243098276535683,
      -0.45968689609868574,
      -0.4200278391618655
    ],
    "foot_l": [
      0.9699654303161879,
      -7.669172108909053,
      0.381514320490254
    ],
    "foot_r": [
      -0.6428370172126442,
      -7.595442131977148,
      -0.033682812727623745
    ],
    "head": [
      0.31519583381858224,
      3.8107682566391166,
      0.24485326893445913
    ],
    "upperarm_l": [
      1.3469469228800048,
      2.7578966839187404,
      0.33910345272738446
    ],
    "upperarm_r": [
      -0.8650386260358518,
      2.7080056357254603,
      -0.78225896811867
    ]
  },
  "poleTargetPositions": {
    "leftArm": [
      2.325939270570599,
      1.3877634595533295,
      0.5003541048666571
    ],
    "rightArm": [
      -1.686944773029155,
      1.3032490286533578,
      -1.3695177073099494
    ],
    "leftLeg": [
      0.5653261529550435,
      -4.096390327039716,
      0.4024019817725592
    ],
    "rightLeg": [
      -0.532968333395683,
      -4.045100300035953,
      0.14477825002558525
    ]
  },
  "hipBonePosition": {
    "hips": [
      0,
      7.361975371837616,
      0.39708319306373596
    ]
  },
  "prompt": "",
  "_library": {
    "repository": "local_user_poses",
    "category": "Standing",
    "tags": [
      "standing",
      "rest",
      "relaxed",
      "posing"
    ]
  }
}